{
	"credit": "Made with Blockbench",
	"texture_size": [128, 128],
	"textures": {
		"0": "custom/elitecreatures/wooden_pack/box_wood",
		"particle": "custom/elitecreatures/wooden_pack/box_wood"
	},
	"elements": [
		{
			"from": [-1, 0.75, -1],
			"to": [17, 9.75, 17],
			"rotation": {"angle": 0, "axis": "y", "origin": [-4, 0, -4]},
			"faces": {
				"north": {"uv": [4.5, 0, 6.75, 1.125], "texture": "#0"},
				"east": {"uv": [4.5, 1.125, 6.75, 2.25], "texture": "#0"},
				"south": {"uv": [4.5, 2.25, 6.75, 3.375], "texture": "#0"},
				"west": {"uv": [4.5, 3.375, 6.75, 4.5], "texture": "#0"},
				"up": {"uv": [2.25, 2.25, 0, 0], "texture": "#0"},
				"down": {"uv": [2.25, 2.25, 0, 4.5], "texture": "#0"}
			}
		},
		{
			"from": [-1, 9.75, -0.25],
			"to": [17, 14.25, 16.25],
			"rotation": {"angle": 0, "axis": "y", "origin": [-4, 0, -4]},
			"faces": {
				"north": {"uv": [4.75, 6.5, 7, 7.125], "texture": "#0"},
				"east": {"uv": [6.75, 3.125, 8.875, 3.75], "texture": "#0"},
				"south": {"uv": [6.75, 0, 9, 0.625], "texture": "#0"},
				"west": {"uv": [6.75, 3.75, 8.875, 4.375], "texture": "#0"},
				"up": {"uv": [4.5, 2.125, 2.25, 0], "texture": "#0"},
				"down": {"uv": [4.5, 2.125, 2.25, 4.25], "texture": "#0"}
			}
		},
		{
			"from": [-1, 14.25, 1.25],
			"to": [17, 17.25, 14.75],
			"rotation": {"angle": 0, "axis": "y", "origin": [-4, 0, -4]},
			"faces": {
				"north": {"uv": [6.875, 4.375, 9.125, 4.75], "texture": "#0"},
				"east": {"uv": [7, 6.25, 8.75, 6.625], "texture": "#0"},
				"south": {"uv": [6.875, 4.75, 9.125, 5.125], "texture": "#0"},
				"west": {"uv": [7, 6.625, 8.75, 7], "texture": "#0"},
				"up": {"uv": [4.5, 6, 2.25, 4.25], "texture": "#0"},
				"down": {"uv": [2.25, 4.5, 0, 6.25], "texture": "#0"}
			}
		},
		{
			"from": [-1.75, 0, -1.75],
			"to": [1.25, 3, 1.25],
			"rotation": {"angle": 0, "axis": "y", "origin": [-4, 0, -4]},
			"faces": {
				"north": {"uv": [6.5, 9, 6.875, 9.375], "texture": "#0"},
				"east": {"uv": [6.875, 9, 7.25, 9.375], "texture": "#0"},
				"south": {"uv": [7.25, 9, 7.625, 9.375], "texture": "#0"},
				"west": {"uv": [9, 7.5, 9.375, 7.875], "texture": "#0"},
				"up": {"uv": [9.375, 9.125, 9, 8.75], "texture": "#0"},
				"down": {"uv": [9.5, 3.125, 9.125, 3.5], "texture": "#0"}
			}
		},
		{
			"from": [-1.375, 3, -1.375],
			"to": [0.875, 8.25, 0.875],
			"rotation": {"angle": 0, "axis": "y", "origin": [-4, 0, -4]},
			"faces": {
				"north": {"uv": [8.75, 6.125, 9, 6.75], "texture": "#0"},
				"east": {"uv": [8.5, 8.75, 8.75, 9.375], "texture": "#0"},
				"south": {"uv": [8.75, 8.75, 9, 9.375], "texture": "#0"},
				"west": {"uv": [8.875, 3.125, 9.125, 3.75], "texture": "#0"},
				"up": {"uv": [9.75, 7.5, 9.5, 7.25], "texture": "#0"},
				"down": {"uv": [4.25, 9.625, 4, 9.875], "texture": "#0"}
			}
		},
		{
			"from": [-1.75, 0, 14.75],
			"to": [1.25, 3, 17.75],
			"rotation": {"angle": 0, "axis": "y", "origin": [-4, 0, 20]},
			"faces": {
				"north": {"uv": [9.125, 3.5, 9.5, 3.875], "texture": "#0"},
				"east": {"uv": [9.125, 3.875, 9.5, 4.25], "texture": "#0"},
				"south": {"uv": [9.125, 4.25, 9.5, 4.625], "texture": "#0"},
				"west": {"uv": [9.125, 4.625, 9.5, 5], "texture": "#0"},
				"up": {"uv": [9.375, 9.5, 9, 9.125], "texture": "#0"},
				"down": {"uv": [9.625, 0, 9.25, 0.375], "texture": "#0"}
			}
		},
		{
			"from": [-1.375, 3, 15.125],
			"to": [0.875, 8.25, 17.375],
			"rotation": {"angle": 0, "axis": "y", "origin": [-4, 0, 20]},
			"faces": {
				"north": {"uv": [8.875, 3.75, 9.125, 4.375], "texture": "#0"},
				"east": {"uv": [9, 0, 9.25, 0.625], "texture": "#0"},
				"south": {"uv": [9, 0.625, 9.25, 1.25], "texture": "#0"},
				"west": {"uv": [9, 1.25, 9.25, 1.875], "texture": "#0"},
				"up": {"uv": [5.5, 9.875, 5.25, 9.625], "texture": "#0"},
				"down": {"uv": [6.25, 9.625, 6, 9.875], "texture": "#0"}
			}
		},
		{
			"from": [1.25, 9, -1.375],
			"to": [14.75, 10.5, 0.875],
			"rotation": {"angle": 0, "axis": "y", "origin": [-4, 0, -4]},
			"faces": {
				"north": {"uv": [2, 7.5, 3.75, 7.75], "texture": "#0"},
				"east": {"uv": [9.625, 6.125, 9.875, 6.375], "texture": "#0"},
				"south": {"uv": [3.75, 7.5, 5.5, 7.75], "texture": "#0"},
				"west": {"uv": [6.25, 9.625, 6.5, 9.875], "texture": "#0"},
				"up": {"uv": [7.25, 7.75, 5.5, 7.5], "texture": "#0"},
				"down": {"uv": [9, 7.5, 7.25, 7.75], "texture": "#0"}
			}
		},
		{
			"from": [1.25, 9, 15.125],
			"to": [14.75, 10.5, 17.375],
			"rotation": {"angle": 0, "axis": "y", "origin": [-4, 0, 20]},
			"faces": {
				"north": {"uv": [2, 7.75, 3.75, 8], "texture": "#0"},
				"east": {"uv": [9.625, 6.375, 9.875, 6.625], "texture": "#0"},
				"south": {"uv": [3.75, 7.75, 5.5, 8], "texture": "#0"},
				"west": {"uv": [9.625, 6.625, 9.875, 6.875], "texture": "#0"},
				"up": {"uv": [7.25, 8, 5.5, 7.75], "texture": "#0"},
				"down": {"uv": [9, 7.75, 7.25, 8], "texture": "#0"}
			}
		},
		{
			"from": [-1.375, 0, 1.25],
			"to": [0.875, 1.5, 14.75],
			"rotation": {"angle": 0, "axis": "y", "origin": [-4, 0, -4]},
			"faces": {
				"north": {"uv": [9.625, 9.5, 9.875, 9.75], "texture": "#0"},
				"east": {"uv": [2, 8, 3.75, 8.25], "texture": "#0"},
				"south": {"uv": [0, 9.75, 0.25, 10], "texture": "#0"},
				"west": {"uv": [3.75, 8, 5.5, 8.25], "texture": "#0"},
				"up": {"uv": [5.75, 9.75, 5.5, 8], "texture": "#0"},
				"down": {"uv": [6, 8, 5.75, 9.75], "texture": "#0"}
			}
		},
		{
			"from": [15.125, 0, 1.25],
			"to": [17.375, 1.5, 14.75],
			"rotation": {"angle": 0, "axis": "y", "origin": [20, 0, -4]},
			"faces": {
				"north": {"uv": [0.25, 9.75, 0.5, 10], "texture": "#0"},
				"east": {"uv": [6, 8, 7.75, 8.25], "texture": "#0"},
				"south": {"uv": [0.5, 9.75, 0.75, 10], "texture": "#0"},
				"west": {"uv": [7.75, 8, 9.5, 8.25], "texture": "#0"},
				"up": {"uv": [2.25, 10, 2, 8.25], "texture": "#0"},
				"down": {"uv": [2.5, 8.25, 2.25, 10], "texture": "#0"}
			}
		},
		{
			"from": [-1.75, 8.25, -1.75],
			"to": [1.25, 11.25, 1.25],
			"rotation": {"angle": 0, "axis": "y", "origin": [-4, 0, -4]},
			"faces": {
				"north": {"uv": [9.25, 0.375, 9.625, 0.75], "texture": "#0"},
				"east": {"uv": [9.25, 0.75, 9.625, 1.125], "texture": "#0"},
				"south": {"uv": [9.25, 1.125, 9.625, 1.5], "texture": "#0"},
				"west": {"uv": [9.25, 1.5, 9.625, 1.875], "texture": "#0"},
				"up": {"uv": [9.625, 2.25, 9.25, 1.875], "texture": "#0"},
				"down": {"uv": [9.625, 2.25, 9.25, 2.625], "texture": "#0"}
			}
		},
		{
			"from": [-1.75, 8.25, 14.75],
			"to": [1.25, 11.25, 17.75],
			"rotation": {"angle": 0, "axis": "y", "origin": [-4, 0, 20]},
			"faces": {
				"north": {"uv": [9.25, 2.625, 9.625, 3], "texture": "#0"},
				"east": {"uv": [9.25, 6.125, 9.625, 6.5], "texture": "#0"},
				"south": {"uv": [9.25, 6.5, 9.625, 6.875], "texture": "#0"},
				"west": {"uv": [1, 9.375, 1.375, 9.75], "texture": "#0"},
				"up": {"uv": [1.75, 9.75, 1.375, 9.375], "texture": "#0"},
				"down": {"uv": [6.875, 9.375, 6.5, 9.75], "texture": "#0"}
			}
		},
		{
			"from": [2.375, 10.5, -1],
			"to": [4.625, 15, 17],
			"rotation": {"angle": 0, "axis": "y", "origin": [-4, 0, -4]},
			"faces": {
				"north": {"uv": [9, 1.875, 9.25, 2.5], "texture": "#0"},
				"east": {"uv": [6.75, 0.625, 9, 1.25], "texture": "#0"},
				"south": {"uv": [2.5, 9, 2.75, 9.625], "texture": "#0"},
				"west": {"uv": [6.75, 1.25, 9, 1.875], "texture": "#0"},
				"up": {"uv": [0.25, 9.75, 0, 7.5], "texture": "#0"},
				"down": {"uv": [0.5, 7.5, 0.25, 9.75], "texture": "#0"}
			}
		},
		{
			"from": [2.375, 15, 0.5],
			"to": [4.625, 18, 15.5],
			"rotation": {"angle": 0, "axis": "y", "origin": [-4, 0, -4]},
			"faces": {
				"north": {"uv": [4.25, 6, 4.5, 6.375], "texture": "#0"},
				"east": {"uv": [2.375, 6, 4.25, 6.375], "texture": "#0"},
				"south": {"uv": [5.25, 9.25, 5.5, 9.625], "texture": "#0"},
				"west": {"uv": [6.875, 5.125, 8.75, 5.5], "texture": "#0"},
				"up": {"uv": [1.25, 9.375, 1, 7.5], "texture": "#0"},
				"down": {"uv": [1.5, 7.5, 1.25, 9.375], "texture": "#0"}
			}
		},
		{
			"from": [11.375, 10.5, -1],
			"to": [13.625, 15, 17],
			"rotation": {"angle": 0, "axis": "y", "origin": [20, 0, -4]},
			"faces": {
				"north": {"uv": [9, 2.5, 9.25, 3.125], "texture": "#0"},
				"east": {"uv": [6.75, 1.875, 9, 2.5], "texture": "#0"},
				"south": {"uv": [2.75, 9, 3, 9.625], "texture": "#0"},
				"west": {"uv": [6.75, 2.5, 9, 3.125], "texture": "#0"},
				"up": {"uv": [0.75, 9.75, 0.5, 7.5], "texture": "#0"},
				"down": {"uv": [1, 7.5, 0.75, 9.75], "texture": "#0"}
			}
		},
		{
			"from": [11.375, 15, 0.5],
			"to": [13.625, 18, 15.5],
			"rotation": {"angle": 0, "axis": "y", "origin": [20, 0, -4]},
			"faces": {
				"north": {"uv": [1.75, 9.375, 2, 9.75], "texture": "#0"},
				"east": {"uv": [6.875, 5.5, 8.75, 5.875], "texture": "#0"},
				"south": {"uv": [3.25, 9.625, 3.5, 10], "texture": "#0"},
				"west": {"uv": [6.875, 5.875, 8.75, 6.25], "texture": "#0"},
				"up": {"uv": [1.75, 9.375, 1.5, 7.5], "texture": "#0"},
				"down": {"uv": [2, 7.5, 1.75, 9.375], "texture": "#0"}
			}
		},
		{
			"from": [14.75, 8.25, 14.75],
			"to": [17.75, 11.25, 17.75],
			"rotation": {"angle": 0, "axis": "y", "origin": [20, 0, 20]},
			"faces": {
				"north": {"uv": [6.875, 9.375, 7.25, 9.75], "texture": "#0"},
				"east": {"uv": [9.375, 6.875, 9.75, 7.25], "texture": "#0"},
				"south": {"uv": [7.25, 9.375, 7.625, 9.75], "texture": "#0"},
				"west": {"uv": [9.375, 7.5, 9.75, 7.875], "texture": "#0"},
				"up": {"uv": [8.875, 9.75, 8.5, 9.375], "texture": "#0"},
				"down": {"uv": [9.75, 8.75, 9.375, 9.125], "texture": "#0"}
			}
		},
		{
			"from": [14.75, 0, 14.75],
			"to": [17.75, 3, 17.75],
			"rotation": {"angle": 0, "axis": "y", "origin": [20, 0, 20]},
			"faces": {
				"north": {"uv": [9.375, 9.125, 9.75, 9.5], "texture": "#0"},
				"east": {"uv": [9.5, 3, 9.875, 3.375], "texture": "#0"},
				"south": {"uv": [9.5, 3.375, 9.875, 3.75], "texture": "#0"},
				"west": {"uv": [9.5, 3.75, 9.875, 4.125], "texture": "#0"},
				"up": {"uv": [9.875, 4.5, 9.5, 4.125], "texture": "#0"},
				"down": {"uv": [9.875, 4.5, 9.5, 4.875], "texture": "#0"}
			}
		},
		{
			"from": [15.125, 3, 15.125],
			"to": [17.375, 8.25, 17.375],
			"rotation": {"angle": 0, "axis": "y", "origin": [20, 0, 20]},
			"faces": {
				"north": {"uv": [3, 9, 3.25, 9.625], "texture": "#0"},
				"east": {"uv": [3.25, 9, 3.5, 9.625], "texture": "#0"},
				"south": {"uv": [3.5, 9, 3.75, 9.625], "texture": "#0"},
				"west": {"uv": [3.75, 9, 4, 9.625], "texture": "#0"},
				"up": {"uv": [1, 10, 0.75, 9.75], "texture": "#0"},
				"down": {"uv": [1.25, 9.75, 1, 10], "texture": "#0"}
			}
		},
		{
			"from": [14.75, 0, -1.75],
			"to": [17.75, 3, 1.25],
			"rotation": {"angle": 0, "axis": "y", "origin": [20, 0, -4]},
			"faces": {
				"north": {"uv": [9.5, 7.875, 9.875, 8.25], "texture": "#0"},
				"east": {"uv": [9.5, 8.25, 9.875, 8.625], "texture": "#0"},
				"south": {"uv": [8.875, 9.5, 9.25, 9.875], "texture": "#0"},
				"west": {"uv": [9.25, 9.5, 9.625, 9.875], "texture": "#0"},
				"up": {"uv": [10, 0.375, 9.625, 0], "texture": "#0"},
				"down": {"uv": [10, 0.375, 9.625, 0.75], "texture": "#0"}
			}
		},
		{
			"from": [15.125, 3, -1.375],
			"to": [17.375, 8.25, 0.875],
			"rotation": {"angle": 0, "axis": "y", "origin": [20, 0, -4]},
			"faces": {
				"north": {"uv": [4, 9, 4.25, 9.625], "texture": "#0"},
				"east": {"uv": [6, 9, 6.25, 9.625], "texture": "#0"},
				"south": {"uv": [9, 6.125, 9.25, 6.75], "texture": "#0"},
				"west": {"uv": [6.25, 9, 6.5, 9.625], "texture": "#0"},
				"up": {"uv": [1.5, 10, 1.25, 9.75], "texture": "#0"},
				"down": {"uv": [1.75, 9.75, 1.5, 10], "texture": "#0"}
			}
		},
		{
			"from": [14.75, 8.25, -1.75],
			"to": [17.75, 11.25, 1.25],
			"rotation": {"angle": 0, "axis": "y", "origin": [20, 0, -4]},
			"faces": {
				"north": {"uv": [9.625, 0.75, 10, 1.125], "texture": "#0"},
				"east": {"uv": [9.625, 1.125, 10, 1.5], "texture": "#0"},
				"south": {"uv": [9.625, 1.5, 10, 1.875], "texture": "#0"},
				"west": {"uv": [9.625, 1.875, 10, 2.25], "texture": "#0"},
				"up": {"uv": [10, 2.625, 9.625, 2.25], "texture": "#0"},
				"down": {"uv": [2.875, 9.625, 2.5, 10], "texture": "#0"}
			}
		},
		{
			"from": [1.25, 0, -1.375],
			"to": [14.75, 1.5, 0.875],
			"rotation": {"angle": 0, "axis": "y", "origin": [-4, 0, -4]},
			"faces": {
				"north": {"uv": [2.5, 8.25, 4.25, 8.5], "texture": "#0"},
				"east": {"uv": [1.75, 9.75, 2, 10], "texture": "#0"},
				"south": {"uv": [6, 8.25, 7.75, 8.5], "texture": "#0"},
				"west": {"uv": [5.5, 9.75, 5.75, 10], "texture": "#0"},
				"up": {"uv": [9.5, 8.5, 7.75, 8.25], "texture": "#0"},
				"down": {"uv": [4.25, 8.5, 2.5, 8.75], "texture": "#0"}
			}
		},
		{
			"from": [1.25, 0, 15.125],
			"to": [14.75, 1.5, 17.375],
			"rotation": {"angle": 0, "axis": "y", "origin": [-4, 0, 20]},
			"faces": {
				"north": {"uv": [6, 8.5, 7.75, 8.75], "texture": "#0"},
				"east": {"uv": [5.75, 9.75, 6, 10], "texture": "#0"},
				"south": {"uv": [7.75, 8.5, 9.5, 8.75], "texture": "#0"},
				"west": {"uv": [6.5, 9.75, 6.75, 10], "texture": "#0"},
				"up": {"uv": [4.25, 9, 2.5, 8.75], "texture": "#0"},
				"down": {"uv": [10.5, 5.125, 8.75, 5.375], "texture": "#0"}
			}
		},
		{
			"from": [15.125, 9, 1.25],
			"to": [17.375, 10.5, 14.75],
			"rotation": {"angle": 0, "axis": "y", "origin": [20, 0, -4]},
			"faces": {
				"north": {"uv": [6.75, 9.75, 7, 10], "texture": "#0"},
				"east": {"uv": [8.75, 5.375, 10.5, 5.625], "texture": "#0"},
				"south": {"uv": [9.75, 6.875, 10, 7.125], "texture": "#0"},
				"west": {"uv": [8.75, 5.625, 10.5, 5.875], "texture": "#0"},
				"up": {"uv": [4.5, 10, 4.25, 8.25], "texture": "#0"},
				"down": {"uv": [4.75, 8.25, 4.5, 10], "texture": "#0"}
			}
		},
		{
			"from": [-1.375, 9, 1.25],
			"to": [0.875, 10.5, 14.75],
			"rotation": {"angle": 0, "axis": "y", "origin": [-4, 0, -4]},
			"faces": {
				"north": {"uv": [7, 9.75, 7.25, 10], "texture": "#0"},
				"east": {"uv": [8.75, 5.875, 10.5, 6.125], "texture": "#0"},
				"south": {"uv": [9.75, 7.125, 10, 7.375], "texture": "#0"},
				"west": {"uv": [6, 8.75, 7.75, 9], "texture": "#0"},
				"up": {"uv": [5, 10, 4.75, 8.25], "texture": "#0"},
				"down": {"uv": [5.25, 8.25, 5, 10], "texture": "#0"}
			}
		},
		{
			"from": [6.5, 8.25, -1.75],
			"to": [9.5, 11.25, 0.5],
			"rotation": {"angle": 45, "axis": "z", "origin": [8, 9.75, -0.625]},
			"faces": {
				"north": {"uv": [9.625, 2.625, 10, 3], "texture": "#0"},
				"east": {"uv": [3.5, 9.625, 3.75, 10], "texture": "#0"},
				"south": {"uv": [2.875, 9.625, 3.25, 10], "texture": "#0"},
				"west": {"uv": [3.75, 9.625, 4, 10], "texture": "#0"},
				"up": {"uv": [9.125, 7, 8.75, 6.75], "texture": "#0"},
				"down": {"uv": [9.875, 4.875, 9.5, 5.125], "texture": "#0"}
			}
		},
		{
			"from": [-1.375, 10.5, 3.5],
			"to": [17.375, 18.25, 5.5],
			"rotation": {"angle": 0, "axis": "y", "origin": [-4, 0, -4]},
			"faces": {
				"north": {"uv": [4.5, 4.5, 6.875, 5.5], "texture": "#0"},
				"east": {"uv": [5.25, 8.25, 5.5, 9.25], "texture": "#0"},
				"south": {"uv": [4.5, 5.5, 6.875, 6.5], "texture": "#0"},
				"west": {"uv": [7.75, 8.75, 8, 9.75], "texture": "#0"},
				"up": {"uv": [9.375, 7.25, 7, 7], "texture": "#0"},
				"down": {"uv": [2.375, 7.25, 0, 7.5], "texture": "#0"}
			}
		},
		{
			"from": [-1.375, 10.5, 10.5],
			"to": [17.375, 18.25, 12.5],
			"rotation": {"angle": 0, "axis": "y", "origin": [-4, 0, 20]},
			"faces": {
				"north": {"uv": [0, 6.25, 2.375, 7.25], "texture": "#0"},
				"east": {"uv": [8, 8.75, 8.25, 9.75], "texture": "#0"},
				"south": {"uv": [2.375, 6.5, 4.75, 7.5], "texture": "#0"},
				"west": {"uv": [8.25, 8.75, 8.5, 9.75], "texture": "#0"},
				"up": {"uv": [7.125, 7.5, 4.75, 7.25], "texture": "#0"},
				"down": {"uv": [9.5, 7.25, 7.125, 7.5], "texture": "#0"}
			}
		}
	],
	"gui_light": "front",
	"display": {
		"thirdperson_righthand": {
			"translation": [0, 1.5, 0],
			"scale": [0.56445, 0.56445, 0.56445]
		},
		"thirdperson_lefthand": {
			"translation": [0, 1.5, 0],
			"scale": [0.56445, 0.56445, 0.56445]
		},
		"firstperson_righthand": {
			"rotation": [0, -180, 0],
			"translation": [-9.25, 3, -6.25],
			"scale": [0.66797, 0.66797, 0.66797]
		},
		"firstperson_lefthand": {
			"rotation": [0, -180, 0],
			"translation": [-9.25, 3, -6.25],
			"scale": [0.66797, 0.66797, 0.66797]
		},
		"ground": {
			"translation": [0, 4.75, 0]
		},
		"gui": {
			"rotation": [-180, 13.75, -180],
			"translation": [0, -1.25, 0],
			"scale": [0.51563, 0.51563, 0.51563]
		},
		"fixed": {
			"rotation": [-90, 0, 0],
			"translation": [0, 0, -16.25],
			"scale": [2, 2, 2]
		}
	},
	"groups": [
		{
			"name": "group",
			"origin": [-4, 0, 20],
			"color": 0,
			"children": [0, 1, 2, 3, 4, 5, 6, 7, 8, 9, 10, 11, 12, 13, 14, 15, 16, 17, 18, 19, 20, 21, 22, 23, 24, 25, 26, 27, 28, 29]
		}
	]
}