{
	"credit": "Made with Blockbench",
	"texture_size": [32, 32],
	"textures": {
		"0": "custom/elitecreatures/wooden_pack/wooden_spear",
		"particle": "custom/elitecreatures/wooden_pack/wooden_spear"
	},
	"elements": [
		{
			"from": [8, 18.25, 5.25],
			"to": [8, 19.75, 6.75],
			"rotation": {"angle": -45, "axis": "x", "origin": [8, 19, 6]},
			"faces": {
				"north": {"uv": [0, 0, 0, 0.75], "texture": "#0"},
				"east": {"uv": [7.5, 6, 8.25, 6.75], "texture": "#0"},
				"south": {"uv": [0, 0, 0, 0.75], "texture": "#0"},
				"west": {"uv": [7.5, 7, 8.25, 7.75], "texture": "#0"},
				"up": {"uv": [0, 0.75, 0, 0], "texture": "#0"},
				"down": {"uv": [0, 0, 0, 0.75], "texture": "#0"}
			}
		},
		{
			"from": [7.25, 0.5, 7.25],
			"to": [8.75, 5.5, 8.75],
			"rotation": {"angle": 0, "axis": "y", "origin": [8, 14.35, 8]},
			"faces": {
				"north": {"uv": [4, 0, 4.75, 2.5], "texture": "#0"},
				"east": {"uv": [4, 2.5, 4.75, 5], "texture": "#0"},
				"south": {"uv": [5, 0, 5.75, 2.5], "texture": "#0"},
				"west": {"uv": [5, 2.5, 5.75, 5], "texture": "#0"},
				"up": {"uv": [8.75, 0.75, 8, 0], "texture": "#0"},
				"down": {"uv": [8.75, 1, 8, 1.75], "texture": "#0"}
			}
		},
		{
			"from": [7.35, 5.5, 7.35],
			"to": [8.65, 23, 8.65],
			"rotation": {"angle": 0, "axis": "y", "origin": [8, 14.85, 8]},
			"faces": {
				"north": {"uv": [0, 0, 0.75, 8.75], "texture": "#0"},
				"east": {"uv": [1, 0, 1.75, 8.75], "texture": "#0"},
				"south": {"uv": [2, 0, 2.75, 8.75], "texture": "#0"},
				"west": {"uv": [3, 0, 3.75, 8.75], "texture": "#0"},
				"up": {"uv": [8.75, 2.75, 8, 2], "texture": "#0"},
				"down": {"uv": [8.75, 3, 8, 3.75], "texture": "#0"}
			}
		},
		{
			"from": [7.6, 16.5, 6.85],
			"to": [8.4, 20, 7.65],
			"rotation": {"angle": -22.5, "axis": "x", "origin": [8, 18.25, 8]},
			"faces": {
				"north": {"uv": [7, 4, 7.5, 5.75], "texture": "#0"},
				"east": {"uv": [6, 7, 6.5, 8.75], "texture": "#0"},
				"south": {"uv": [7, 6, 7.5, 7.75], "texture": "#0"},
				"west": {"uv": [6.5, 7, 7, 8.75], "texture": "#0"},
				"up": {"uv": [8, 8.5, 7.5, 8], "texture": "#0"},
				"down": {"uv": [8.5, 8, 8, 8.5], "texture": "#0"}
			}
		},
		{
			"from": [7.6, 9.5, 11.35],
			"to": [8.4, 13, 12.15],
			"rotation": {"angle": 22.5, "axis": "x", "origin": [8, 18.25, 8]},
			"faces": {
				"north": {"uv": [4, 7.5, 4.5, 9.25], "texture": "#0"},
				"east": {"uv": [7.5, 4, 8, 5.75], "texture": "#0"},
				"south": {"uv": [4.5, 7.5, 5, 9.25], "texture": "#0"},
				"west": {"uv": [5, 7.5, 5.5, 9.25], "texture": "#0"},
				"up": {"uv": [9, 4.5, 8.5, 4], "texture": "#0"},
				"down": {"uv": [9, 4.5, 8.5, 5], "texture": "#0"}
			}
		},
		{
			"from": [7.6, 23, 7.6],
			"to": [8.4, 25, 8.4],
			"rotation": {"angle": 0, "axis": "y", "origin": [8, 16.85, 8]},
			"faces": {
				"north": {"uv": [5.5, 7.5, 6, 8.5], "texture": "#0"},
				"east": {"uv": [8, 4, 8.5, 5], "texture": "#0"},
				"south": {"uv": [8, 5, 8.5, 6], "texture": "#0"},
				"west": {"uv": [7, 8, 7.5, 9], "texture": "#0"},
				"up": {"uv": [9, 5.5, 8.5, 5], "texture": "#0"},
				"down": {"uv": [6, 8.5, 5.5, 9], "texture": "#0"}
			}
		},
		{
			"from": [7.75, 25, 7.75],
			"to": [8.25, 27, 8.25],
			"rotation": {"angle": 0, "axis": "y", "origin": [8, 16.85, 8]},
			"faces": {
				"north": {"uv": [8.5, 5.5, 8.75, 6.5], "texture": "#0"},
				"east": {"uv": [8.5, 6.5, 8.75, 7.5], "texture": "#0"},
				"south": {"uv": [7.5, 8.5, 7.75, 9.5], "texture": "#0"},
				"west": {"uv": [8.5, 7.5, 8.75, 8.5], "texture": "#0"},
				"up": {"uv": [8.25, 8.75, 8, 8.5], "texture": "#0"},
				"down": {"uv": [8.75, 8.5, 8.5, 8.75], "texture": "#0"}
			}
		},
		{
			"from": [7, 4.55657, 17.79343],
			"to": [9, 6.55657, 19.79343],
			"rotation": {"angle": 45, "axis": "x", "origin": [8, 16.35, 8]},
			"faces": {
				"north": {"uv": [6, 5, 7, 6], "texture": "#0"},
				"east": {"uv": [6, 6, 7, 7], "texture": "#0"},
				"south": {"uv": [7, 0, 8, 1], "texture": "#0"},
				"west": {"uv": [7, 1, 8, 2], "texture": "#0"},
				"up": {"uv": [8, 3, 7, 2], "texture": "#0"},
				"down": {"uv": [8, 3, 7, 4], "texture": "#0"}
			}
		},
		{
			"from": [8, 23, 7.35],
			"to": [8, 27.5, 8.65],
			"rotation": {"angle": 0, "axis": "y", "origin": [8, 10, 8]},
			"faces": {
				"north": {"uv": [0, 0, 0, 2.25], "texture": "#0"},
				"east": {"uv": [4, 5, 4.75, 7.25], "texture": "#0"},
				"south": {"uv": [0, 0, 0, 2.25], "texture": "#0"},
				"west": {"uv": [5, 5, 5.75, 7.25], "texture": "#0"},
				"up": {"uv": [0, 0.75, 0, 0], "texture": "#0"},
				"down": {"uv": [0, 0, 0, 0.75], "texture": "#0"}
			}
		},
		{
			"from": [7.35, 23, 8],
			"to": [8.65, 27.5, 8],
			"rotation": {"angle": 0, "axis": "y", "origin": [8, 23.25, 8]},
			"faces": {
				"north": {"uv": [6, 0, 6.75, 2.25], "texture": "#0"},
				"east": {"uv": [0, 0, 0, 2.25], "texture": "#0"},
				"south": {"uv": [6, 2.5, 6.75, 4.75], "texture": "#0"},
				"west": {"uv": [0, 0, 0, 2.25], "texture": "#0"},
				"up": {"uv": [0.75, 0, 0, 0], "texture": "#0"},
				"down": {"uv": [0.75, 0, 0, 0], "texture": "#0"}
			}
		}
	],
	"gui_light": "front",
	"display": {
		"thirdperson_righthand": {
			"translation": [0, -0.75, 1.25]
		},
		"thirdperson_lefthand": {
			"translation": [0, -0.75, 1.25]
		},
		"firstperson_righthand": {
			"rotation": [-22.25, 0, 0],
			"translation": [2.5, 0, 1.25]
		},
		"firstperson_lefthand": {
			"rotation": [-22.25, 0, 0],
			"translation": [2.5, 0, 1.25]
		},
		"ground": {
			"rotation": [0, 0, -93],
			"translation": [-4, -1.5, 0],
			"scale": [0.77734, 0.77734, 0.77734]
		},
		"gui": {
			"rotation": [90, 54, -90],
			"translation": [-2.5, -3.25, -2],
			"scale": [0.69336, 0.69336, 0.69336]
		},
		"head": {
			"rotation": [-95.08, 53.65, 94.07],
			"translation": [3.75, 14.5, 0]
		},
		"fixed": {
			"rotation": [-90, -90, -90],
			"translation": [0.25, -6.5, -2.25],
			"scale": [1.88281, 1.88281, 1.88281]
		}
	},
	"groups": [
		{
			"name": "group",
			"origin": [8, 23.25, 8],
			"color": 0,
			"nbt": "{}",
			"armAnimationEnabled": false,
			"children": [0, 1, 2, 3, 4, 5, 6, 7, 8, 9]
		}
	]
}