{
	"credit": "Made with Blockbench",
	"texture_size": [32, 32],
	"textures": {
		"0": "custom/elitecreatures/wooden_pack/wooden_sword",
		"particle": "custom/elitecreatures/wooden_pack/wooden_sword"
	},
	"elements": [
		{
			"from": [7, 0, 7],
			"to": [9, 2, 9],
			"rotation": {"angle": 45, "axis": "x", "origin": [8, 1, 8]},
			"faces": {
				"north": {"uv": [8, 0, 9, 1], "texture": "#0"},
				"east": {"uv": [8, 1, 9, 2], "texture": "#0"},
				"south": {"uv": [8, 2, 9, 3], "texture": "#0"},
				"west": {"uv": [3, 8, 4, 9], "texture": "#0"},
				"up": {"uv": [5, 9, 4, 8], "texture": "#0"},
				"down": {"uv": [9, 4.5, 8, 5.5], "texture": "#0"}
			}
		},
		{
			"from": [7.25, 1, 7.25],
			"to": [8.75, 8, 8.75],
			"rotation": {"angle": 0, "axis": "y", "origin": [8, 8, 8]},
			"faces": {
				"north": {"uv": [0, 7, 0.75, 10.5], "texture": "#0"},
				"east": {"uv": [7, 0, 7.75, 3.5], "texture": "#0"},
				"south": {"uv": [1, 7, 1.75, 10.5], "texture": "#0"},
				"west": {"uv": [2, 7, 2.75, 10.5], "texture": "#0"},
				"up": {"uv": [9.75, 3.75, 9, 3], "texture": "#0"},
				"down": {"uv": [4.25, 9, 3.5, 9.75], "texture": "#0"}
			}
		},
		{
			"from": [7, 5, 2],
			"to": [9, 7, 4],
			"rotation": {"angle": 45, "axis": "x", "origin": [8, 1, 8]},
			"faces": {
				"north": {"uv": [8, 5.5, 9, 6.5], "texture": "#0"},
				"east": {"uv": [8, 6.5, 9, 7.5], "texture": "#0"},
				"south": {"uv": [8, 7.5, 9, 8.5], "texture": "#0"},
				"west": {"uv": [5, 8.5, 6, 9.5], "texture": "#0"},
				"up": {"uv": [9, 9.5, 8, 8.5], "texture": "#0"},
				"down": {"uv": [10, 0, 9, 1], "texture": "#0"}
			}
		},
		{
			"from": [7.5, 7.32107, 6],
			"to": [8.5, 8.82107, 10],
			"rotation": {"angle": 0, "axis": "y", "origin": [8, 8.07107, 8]},
			"faces": {
				"north": {"uv": [4.5, 9, 5, 9.75], "texture": "#0"},
				"east": {"uv": [3, 7, 5, 7.75], "texture": "#0"},
				"south": {"uv": [9.5, 1, 10, 1.75], "texture": "#0"},
				"west": {"uv": [7, 3.5, 9, 4.25], "texture": "#0"},
				"up": {"uv": [9.5, 3, 9, 1], "texture": "#0"},
				"down": {"uv": [3.5, 9, 3, 11], "texture": "#0"}
			}
		},
		{
			"from": [7.75, 8.82107, 7],
			"to": [8.25, 18.42107, 9],
			"rotation": {"angle": 0, "axis": "y", "origin": [8, 8.07107, 8]},
			"faces": {
				"north": {"uv": [7, 6, 7.25, 10.75], "texture": "#0"},
				"east": {"uv": [6, 0, 7, 4.75], "texture": "#0"},
				"south": {"uv": [7.5, 6, 7.75, 10.75], "texture": "#0"},
				"west": {"uv": [6, 5, 7, 9.75], "texture": "#0"},
				"up": {"uv": [10.25, 4, 10, 3], "texture": "#0"},
				"down": {"uv": [3.75, 10, 3.5, 11], "texture": "#0"}
			}
		},
		{
			"from": [7.85, 18.42107, 5.6],
			"to": [8.15, 19.87107, 7.05],
			"rotation": {"angle": -45, "axis": "x", "origin": [8, 20.82107, 8]},
			"faces": {
				"north": {"uv": [4, 10, 4.25, 10.75], "texture": "#0"},
				"east": {"uv": [9, 4, 9.75, 4.75], "texture": "#0"},
				"south": {"uv": [10, 4, 10.25, 4.75], "texture": "#0"},
				"west": {"uv": [9, 5, 9.75, 5.75], "texture": "#0"},
				"up": {"uv": [4.75, 10.75, 4.5, 10], "texture": "#0"},
				"down": {"uv": [10.25, 5, 10, 5.75], "texture": "#0"}
			}
		},
		{
			"from": [7.6, 7.82107, 10],
			"to": [8.4, 9.32107, 11.25],
			"rotation": {"angle": 0, "axis": "y", "origin": [8, 8.07107, 8]},
			"faces": {
				"north": {"uv": [9.5, 2, 10, 2.75], "texture": "#0"},
				"east": {"uv": [9, 6, 9.75, 6.75], "texture": "#0"},
				"south": {"uv": [5, 9.5, 5.5, 10.25], "texture": "#0"},
				"west": {"uv": [9, 7, 9.75, 7.75], "texture": "#0"},
				"up": {"uv": [6, 10.25, 5.5, 9.5], "texture": "#0"},
				"down": {"uv": [8.5, 9.5, 8, 10.25], "texture": "#0"}
			}
		},
		{
			"from": [7.6, 7.82107, 4.75],
			"to": [8.4, 9.32107, 6],
			"rotation": {"angle": 0, "axis": "y", "origin": [8, 8.07107, 8]},
			"faces": {
				"north": {"uv": [8.5, 9.5, 9, 10.25], "texture": "#0"},
				"east": {"uv": [9, 8, 9.75, 8.75], "texture": "#0"},
				"south": {"uv": [10, 0, 10.5, 0.75], "texture": "#0"},
				"west": {"uv": [9, 9, 9.75, 9.75], "texture": "#0"},
				"up": {"uv": [10.5, 1.75, 10, 1], "texture": "#0"},
				"down": {"uv": [10.5, 2, 10, 2.75], "texture": "#0"}
			}
		},
		{
			"from": [8, 8.2, 5],
			"to": [8, 21.8, 11],
			"rotation": {"angle": 0, "axis": "y", "origin": [8, 8, 8]},
			"faces": {
				"north": {"uv": [0, 0, 0, 6.75], "texture": "#0"},
				"east": {"uv": [0, 0, 3, 6.75], "texture": "#0"},
				"south": {"uv": [0, 0, 0, 6.75], "texture": "#0"},
				"west": {"uv": [3, 0, 6, 6.75], "texture": "#0"},
				"up": {"uv": [0, 3, 0, 0], "texture": "#0"},
				"down": {"uv": [0, 0, 0, 3], "texture": "#0"}
			}
		},
		{
			"from": [8, 8.2, 11],
			"to": [8, 10.8, 13],
			"rotation": {"angle": 0, "axis": "y", "origin": [8, 8, 8]},
			"faces": {
				"north": {"uv": [0, 0, 0, 1.25], "texture": "#0"},
				"east": {"uv": [7, 4.5, 8, 5.75], "texture": "#0"},
				"south": {"uv": [0, 0, 0, 1.25], "texture": "#0"},
				"west": {"uv": [5, 7, 6, 8.25], "texture": "#0"},
				"up": {"uv": [0, 1, 0, 0], "texture": "#0"},
				"down": {"uv": [0, 0, 0, 1], "texture": "#0"}
			}
		}
	],
	"gui_light": "front",
	"display": {
		"thirdperson_righthand": {
			"translation": [0, 1.25, 1.5],
			"scale": [1.0293, 1.0293, 1.0293]
		},
		"thirdperson_lefthand": {
			"translation": [0, 1.25, 1.5],
			"scale": [1.0293, 1.0293, 1.0293]
		},
		"firstperson_righthand": {
			"translation": [0, 1.5, 0]
		},
		"firstperson_lefthand": {
			"translation": [0, 1.25, 1.5],
			"scale": [1.0293, 1.0293, 1.0293]
		},
		"ground": {
			"rotation": [0, 0, -93],
			"translation": [-1, -1.5, -1],
			"scale": [0.77734, 0.77734, 0.77734]
		},
		"gui": {
			"rotation": [90, 54, -90],
			"translation": [-1.25, -1.5, -2],
			"scale": [0.73047, 0.73047, 0.73047]
		},
		"head": {
			"rotation": [-95.08, 53.65, 94.07],
			"translation": [3.75, 14.5, 0]
		},
		"fixed": {
			"rotation": [-90, -90, -90],
			"translation": [0.5, -3.5, -2.5],
			"scale": [1.88281, 1.88281, 1.88281]
		}
	},
	"groups": [
		{
			"name": "group",
			"origin": [8, 8, 8],
			"color": 0,
			"nbt": "{}",
			"armAnimationEnabled": false,
			"children": [0, 1, 2, 3, 4, 5, 6, 7, 8, 9]
		}
	]
}