{"parent":"minecraft:item/generated","textures":{"layer0":"minecraft:item/leather_horse_armor"},"overrides":[{"predicate":{"custom_model_data":1},"model":"modelengine:bear_black/left_thigh"},{"predicate":{"custom_model_data":2},"model":"modelengine:bear_black/left_leg"},{"predicate":{"custom_model_data":3},"model":"modelengine:bear_black/left_ankle"},{"predicate":{"custom_model_data":4},"model":"modelengine:bear_black/left_foot"},{"predicate":{"custom_model_data":5},"model":"modelengine:bear_black/right_thigh"},{"predicate":{"custom_model_data":6},"model":"modelengine:bear_black/right_leg"},{"predicate":{"custom_model_data":7},"model":"modelengine:bear_black/right_ankle"},{"predicate":{"custom_model_data":8},"model":"modelengine:bear_black/right_foot"},{"predicate":{"custom_model_data":9},"model":"modelengine:bear_black/upper_body"},{"predicate":{"custom_model_data":10},"model":"modelengine:bear_black/stomach"},{"predicate":{"custom_model_data":11},"model":"modelengine:bear_black/left_arm"},{"predicate":{"custom_model_data":12},"model":"modelengine:bear_black/left_wrist"},{"predicate":{"custom_model_data":13},"model":"modelengine:bear_black/left_hand"},{"predicate":{"custom_model_data":14},"model":"modelengine:bear_black/right_arm"},{"predicate":{"custom_model_data":15},"model":"modelengine:bear_black/right_wrist"},{"predicate":{"custom_model_data":16},"model":"modelengine:bear_black/right_hand"},{"predicate":{"custom_model_data":17},"model":"modelengine:bear_black/head"},{"predicate":{"custom_model_data":18},"model":"modelengine:bear_black/jaw"},{"predicate":{"custom_model_data":19},"model":"modelengine:bear_black/honeycomb"},{"predicate":{"custom_model_data":20},"model":"modelengine:bear_black/fish"},{"predicate":{"custom_model_data":21},"model":"modelengine:bear_black/head_honey"},{"predicate":{"custom_model_data":22},"model":"modelengine:bear_black/jaw_honey"},{"predicate":{"custom_model_data":23},"model":"modelengine:bear_brown/left_thigh"},{"predicate":{"custom_model_data":24},"model":"modelengine:bear_brown/left_leg"},{"predicate":{"custom_model_data":25},"model":"modelengine:bear_brown/left_ankle"},{"predicate":{"custom_model_data":26},"model":"modelengine:bear_brown/left_foot"},{"predicate":{"custom_model_data":27},"model":"modelengine:bear_brown/right_thigh"},{"predicate":{"custom_model_data":28},"model":"modelengine:bear_brown/right_leg"},{"predicate":{"custom_model_data":29},"model":"modelengine:bear_brown/right_ankle"},{"predicate":{"custom_model_data":30},"model":"modelengine:bear_brown/right_foot"},{"predicate":{"custom_model_data":31},"model":"modelengine:bear_brown/upper_body"},{"predicate":{"custom_model_data":32},"model":"modelengine:bear_brown/stomach"},{"predicate":{"custom_model_data":33},"model":"modelengine:bear_brown/left_arm"},{"predicate":{"custom_model_data":34},"model":"modelengine:bear_brown/left_wrist"},{"predicate":{"custom_model_data":35},"model":"modelengine:bear_brown/left_hand"},{"predicate":{"custom_model_data":36},"model":"modelengine:bear_brown/right_arm"},{"predicate":{"custom_model_data":37},"model":"modelengine:bear_brown/right_wrist"},{"predicate":{"custom_model_data":38},"model":"modelengine:bear_brown/right_hand"},{"predicate":{"custom_model_data":39},"model":"modelengine:bear_brown/head"},{"predicate":{"custom_model_data":40},"model":"modelengine:bear_brown/jaw"},{"predicate":{"custom_model_data":41},"model":"modelengine:bear_brown/honeycomb"},{"predicate":{"custom_model_data":42},"model":"modelengine:bear_brown/fish"},{"predicate":{"custom_model_data":43},"model":"modelengine:bear_brown/head_honey"},{"predicate":{"custom_model_data":44},"model":"modelengine:bear_brown/jaw_honey"},{"predicate":{"custom_model_data":45},"model":"modelengine:bear_brown/saddle"},{"predicate":{"custom_model_data":46},"model":"modelengine:bear_panda/left_thigh"},{"predicate":{"custom_model_data":47},"model":"modelengine:bear_panda/left_leg"},{"predicate":{"custom_model_data":48},"model":"modelengine:bear_panda/left_ankle"},{"predicate":{"custom_model_data":49},"model":"modelengine:bear_panda/left_foot"},{"predicate":{"custom_model_data":50},"model":"modelengine:bear_panda/right_thigh"},{"predicate":{"custom_model_data":51},"model":"modelengine:bear_panda/right_leg"},{"predicate":{"custom_model_data":52},"model":"modelengine:bear_panda/right_ankle"},{"predicate":{"custom_model_data":53},"model":"modelengine:bear_panda/right_foot"},{"predicate":{"custom_model_data":54},"model":"modelengine:bear_panda/upper_body"},{"predicate":{"custom_model_data":55},"model":"modelengine:bear_panda/stomach"},{"predicate":{"custom_model_data":56},"model":"modelengine:bear_panda/left_arm"},{"predicate":{"custom_model_data":57},"model":"modelengine:bear_panda/left_wrist"},{"predicate":{"custom_model_data":58},"model":"modelengine:bear_panda/left_hand"},{"predicate":{"custom_model_data":59},"model":"modelengine:bear_panda/right_arm"},{"predicate":{"custom_model_data":60},"model":"modelengine:bear_panda/right_wrist"},{"predicate":{"custom_model_data":61},"model":"modelengine:bear_panda/right_hand"},{"predicate":{"custom_model_data":62},"model":"modelengine:bear_panda/head"},{"predicate":{"custom_model_data":63},"model":"modelengine:bear_panda/jaw"},{"predicate":{"custom_model_data":64},"model":"modelengine:bear_panda/bamboo"},{"predicate":{"custom_model_data":65},"model":"modelengine:bear_panda/saddle"},{"predicate":{"custom_model_data":66},"model":"modelengine:bear_polar/left_thigh"},{"predicate":{"custom_model_data":67},"model":"modelengine:bear_polar/left_leg"},{"predicate":{"custom_model_data":68},"model":"modelengine:bear_polar/left_ankle"},{"predicate":{"custom_model_data":69},"model":"modelengine:bear_polar/left_foot"},{"predicate":{"custom_model_data":70},"model":"modelengine:bear_polar/right_thigh"},{"predicate":{"custom_model_data":71},"model":"modelengine:bear_polar/right_leg"},{"predicate":{"custom_model_data":72},"model":"modelengine:bear_polar/right_ankle"},{"predicate":{"custom_model_data":73},"model":"modelengine:bear_polar/right_foot"},{"predicate":{"custom_model_data":74},"model":"modelengine:bear_polar/upper_body"},{"predicate":{"custom_model_data":75},"model":"modelengine:bear_polar/stomach"},{"predicate":{"custom_model_data":76},"model":"modelengine:bear_polar/left_arm"},{"predicate":{"custom_model_data":77},"model":"modelengine:bear_polar/left_wrist"},{"predicate":{"custom_model_data":78},"model":"modelengine:bear_polar/left_hand"},{"predicate":{"custom_model_data":79},"model":"modelengine:bear_polar/right_arm"},{"predicate":{"custom_model_data":80},"model":"modelengine:bear_polar/right_wrist"},{"predicate":{"custom_model_data":81},"model":"modelengine:bear_polar/right_hand"},{"predicate":{"custom_model_data":82},"model":"modelengine:bear_polar/head"},{"predicate":{"custom_model_data":83},"model":"modelengine:bear_polar/jaw"},{"predicate":{"custom_model_data":84},"model":"modelengine:bear_polar/honeycomb"},{"predicate":{"custom_model_data":85},"model":"modelengine:bear_polar/fish"},{"predicate":{"custom_model_data":86},"model":"modelengine:bear_polar/head_honey"},{"predicate":{"custom_model_data":87},"model":"modelengine:bear_polar/jaw_honey"},{"predicate":{"custom_model_data":88},"model":"modelengine:bear_polar/saddle"},{"predicate":{"custom_model_data":89},"model":"modelengine:crab_hermit/body"},{"predicate":{"custom_model_data":90},"model":"modelengine:crab_hermit/shell"},{"predicate":{"custom_model_data":91},"model":"modelengine:crab_hermit/left_front_leg"},{"predicate":{"custom_model_data":92},"model":"modelengine:crab_hermit/right_front_leg"},{"predicate":{"custom_model_data":93},"model":"modelengine:crab_hermit/left_back_leg"},{"predicate":{"custom_model_data":94},"model":"modelengine:crab_hermit/right_back_leg"},{"predicate":{"custom_model_data":95},"model":"modelengine:crab_hermit/left_mid_leg"},{"predicate":{"custom_model_data":96},"model":"modelengine:crab_hermit/right_mid_leg"},{"predicate":{"custom_model_data":97},"model":"modelengine:crab_hermit/left_claw"},{"predicate":{"custom_model_data":98},"model":"modelengine:crab_hermit/left_claw_jaw"},{"predicate":{"custom_model_data":99},"model":"modelengine:crab_hermit/right_claw"},{"predicate":{"custom_model_data":100},"model":"modelengine:crab_hermit/right_claw_jaw"},{"predicate":{"custom_model_data":101},"model":"modelengine:crab_mudflat/body"},{"predicate":{"custom_model_data":102},"model":"modelengine:crab_mudflat/left_front_leg"},{"predicate":{"custom_model_data":103},"model":"modelengine:crab_mudflat/right_front_leg"},{"predicate":{"custom_model_data":104},"model":"modelengine:crab_mudflat/left_back_leg"},{"predicate":{"custom_model_data":105},"model":"modelengine:crab_mudflat/right_back_leg"},{"predicate":{"custom_model_data":106},"model":"modelengine:crab_mudflat/left_mid_leg"},{"predicate":{"custom_model_data":107},"model":"modelengine:crab_mudflat/right_mid_leg"},{"predicate":{"custom_model_data":108},"model":"modelengine:crab_mudflat/left_claw"},{"predicate":{"custom_model_data":109},"model":"modelengine:crab_mudflat/left_claw_jaw"},{"predicate":{"custom_model_data":110},"model":"modelengine:crab_mudflat/right_claw"},{"predicate":{"custom_model_data":111},"model":"modelengine:crab_mudflat/right_claw_jaw"},{"predicate":{"custom_model_data":112},"model":"modelengine:crab_mudflat_underground/body"},{"predicate":{"custom_model_data":113},"model":"modelengine:crab_mudflat_underground/left_front_leg"},{"predicate":{"custom_model_data":114},"model":"modelengine:crab_mudflat_underground/right_front_leg"},{"predicate":{"custom_model_data":115},"model":"modelengine:crab_mudflat_underground/left_back_leg"},{"predicate":{"custom_model_data":116},"model":"modelengine:crab_mudflat_underground/right_back_leg"},{"predicate":{"custom_model_data":117},"model":"modelengine:crab_mudflat_underground/left_mid_leg"},{"predicate":{"custom_model_data":118},"model":"modelengine:crab_mudflat_underground/right_mid_leg"},{"predicate":{"custom_model_data":119},"model":"modelengine:crab_mudflat_underground/left_claw"},{"predicate":{"custom_model_data":120},"model":"modelengine:crab_mudflat_underground/left_claw_jaw"},{"predicate":{"custom_model_data":121},"model":"modelengine:crab_mudflat_underground/right_claw"},{"predicate":{"custom_model_data":122},"model":"modelengine:crab_mudflat_underground/right_claw_jaw"},{"predicate":{"custom_model_data":123},"model":"modelengine:crab_red/body"},{"predicate":{"custom_model_data":124},"model":"modelengine:crab_red/left_front_leg"},{"predicate":{"custom_model_data":125},"model":"modelengine:crab_red/right_front_leg"},{"predicate":{"custom_model_data":126},"model":"modelengine:crab_red/left_back_leg"},{"predicate":{"custom_model_data":127},"model":"modelengine:crab_red/right_back_leg"},{"predicate":{"custom_model_data":128},"model":"modelengine:crab_red/left_mid_leg"},{"predicate":{"custom_model_data":129},"model":"modelengine:crab_red/right_mid_leg"},{"predicate":{"custom_model_data":130},"model":"modelengine:crab_red/left_claw"},{"predicate":{"custom_model_data":131},"model":"modelengine:crab_red/left_claw_jaw"},{"predicate":{"custom_model_data":132},"model":"modelengine:crab_red/right_claw"},{"predicate":{"custom_model_data":133},"model":"modelengine:crab_red/right_claw_jaw"},{"predicate":{"custom_model_data":134},"model":"modelengine:crab_red_underground/body"},{"predicate":{"custom_model_data":135},"model":"modelengine:crab_red_underground/left_front_leg"},{"predicate":{"custom_model_data":136},"model":"modelengine:crab_red_underground/right_front_leg"},{"predicate":{"custom_model_data":137},"model":"modelengine:crab_red_underground/left_back_leg"},{"predicate":{"custom_model_data":138},"model":"modelengine:crab_red_underground/right_back_leg"},{"predicate":{"custom_model_data":139},"model":"modelengine:crab_red_underground/left_mid_leg"},{"predicate":{"custom_model_data":140},"model":"modelengine:crab_red_underground/right_mid_leg"},{"predicate":{"custom_model_data":141},"model":"modelengine:crab_red_underground/left_claw"},{"predicate":{"custom_model_data":142},"model":"modelengine:crab_red_underground/left_claw_jaw"},{"predicate":{"custom_model_data":143},"model":"modelengine:crab_red_underground/right_claw"},{"predicate":{"custom_model_data":144},"model":"modelengine:crab_red_underground/right_claw_jaw"},{"predicate":{"custom_model_data":145},"model":"modelengine:crocodile_cuban/upper_body"},{"predicate":{"custom_model_data":146},"model":"modelengine:crocodile_cuban/tail"},{"predicate":{"custom_model_data":147},"model":"modelengine:crocodile_cuban/tail_end"},{"predicate":{"custom_model_data":148},"model":"modelengine:crocodile_cuban/left_arm"},{"predicate":{"custom_model_data":149},"model":"modelengine:crocodile_cuban/left_wrist"},{"predicate":{"custom_model_data":150},"model":"modelengine:crocodile_cuban/left_hand"},{"predicate":{"custom_model_data":151},"model":"modelengine:crocodile_cuban/right_arm"},{"predicate":{"custom_model_data":152},"model":"modelengine:crocodile_cuban/right_wrist"},{"predicate":{"custom_model_data":153},"model":"modelengine:crocodile_cuban/right_hand"},{"predicate":{"custom_model_data":154},"model":"modelengine:crocodile_cuban/head"},{"predicate":{"custom_model_data":155},"model":"modelengine:crocodile_cuban/jaw"},{"predicate":{"custom_model_data":156},"model":"modelengine:crocodile_cuban/meat"},{"predicate":{"custom_model_data":157},"model":"modelengine:crocodile_cuban/saddle"},{"predicate":{"custom_model_data":158},"model":"modelengine:crocodile_cuban/left_leg"},{"predicate":{"custom_model_data":159},"model":"modelengine:crocodile_cuban/left_ankle"},{"predicate":{"custom_model_data":160},"model":"modelengine:crocodile_cuban/left_foot"},{"predicate":{"custom_model_data":161},"model":"modelengine:crocodile_cuban/right_leg"},{"predicate":{"custom_model_data":162},"model":"modelengine:crocodile_cuban/right_ankle"},{"predicate":{"custom_model_data":163},"model":"modelengine:crocodile_cuban/right_foot"},{"predicate":{"custom_model_data":164},"model":"modelengine:crocodile_saltwater/upper_body"},{"predicate":{"custom_model_data":165},"model":"modelengine:crocodile_saltwater/tail"},{"predicate":{"custom_model_data":166},"model":"modelengine:crocodile_saltwater/tail_end"},{"predicate":{"custom_model_data":167},"model":"modelengine:crocodile_saltwater/left_arm"},{"predicate":{"custom_model_data":168},"model":"modelengine:crocodile_saltwater/left_wrist"},{"predicate":{"custom_model_data":169},"model":"modelengine:crocodile_saltwater/left_hand"},{"predicate":{"custom_model_data":170},"model":"modelengine:crocodile_saltwater/right_arm"},{"predicate":{"custom_model_data":171},"model":"modelengine:crocodile_saltwater/right_wrist"},{"predicate":{"custom_model_data":172},"model":"modelengine:crocodile_saltwater/right_hand"},{"predicate":{"custom_model_data":173},"model":"modelengine:crocodile_saltwater/head"},{"predicate":{"custom_model_data":174},"model":"modelengine:crocodile_saltwater/jaw"},{"predicate":{"custom_model_data":175},"model":"modelengine:crocodile_saltwater/meat"},{"predicate":{"custom_model_data":176},"model":"modelengine:crocodile_saltwater/saddle"},{"predicate":{"custom_model_data":177},"model":"modelengine:crocodile_saltwater/left_leg"},{"predicate":{"custom_model_data":178},"model":"modelengine:crocodile_saltwater/left_ankle"},{"predicate":{"custom_model_data":179},"model":"modelengine:crocodile_saltwater/left_foot"},{"predicate":{"custom_model_data":180},"model":"modelengine:crocodile_saltwater/right_leg"},{"predicate":{"custom_model_data":181},"model":"modelengine:crocodile_saltwater/right_ankle"},{"predicate":{"custom_model_data":182},"model":"modelengine:crocodile_saltwater/right_foot"},{"predicate":{"custom_model_data":183},"model":"modelengine:duck_mallard/upper_body"},{"predicate":{"custom_model_data":184},"model":"modelengine:duck_mallard/head"},{"predicate":{"custom_model_data":185},"model":"modelengine:duck_mallard/jaw"},{"predicate":{"custom_model_data":186},"model":"modelengine:duck_mallard/crumb"},{"predicate":{"custom_model_data":187},"model":"modelengine:duck_mallard/neck"},{"predicate":{"custom_model_data":188},"model":"modelengine:duck_mallard/left_wing"},{"predicate":{"custom_model_data":189},"model":"modelengine:duck_mallard/right_wing"},{"predicate":{"custom_model_data":190},"model":"modelengine:duck_mallard/left_leg"},{"predicate":{"custom_model_data":191},"model":"modelengine:duck_mallard/left_foot"},{"predicate":{"custom_model_data":192},"model":"modelengine:duck_mallard/right_leg"},{"predicate":{"custom_model_data":193},"model":"modelengine:duck_mallard/right_foot"},{"predicate":{"custom_model_data":194},"model":"modelengine:duck_white/upper_body"},{"predicate":{"custom_model_data":195},"model":"modelengine:duck_white/head"},{"predicate":{"custom_model_data":196},"model":"modelengine:duck_white/jaw"},{"predicate":{"custom_model_data":197},"model":"modelengine:duck_white/crumb"},{"predicate":{"custom_model_data":198},"model":"modelengine:duck_white/neck"},{"predicate":{"custom_model_data":199},"model":"modelengine:duck_white/left_wing"},{"predicate":{"custom_model_data":200},"model":"modelengine:duck_white/right_wing"},{"predicate":{"custom_model_data":201},"model":"modelengine:duck_white/left_leg"},{"predicate":{"custom_model_data":202},"model":"modelengine:duck_white/left_foot"},{"predicate":{"custom_model_data":203},"model":"modelengine:duck_white/right_leg"},{"predicate":{"custom_model_data":204},"model":"modelengine:duck_white/right_foot"},{"predicate":{"custom_model_data":205},"model":"modelengine:firefly/body"},{"predicate":{"custom_model_data":206},"model":"modelengine:firefly/left_wing"},{"predicate":{"custom_model_data":207},"model":"modelengine:firefly/right_wing"},{"predicate":{"custom_model_data":208},"model":"modelengine:firefly_bunch/body"},{"predicate":{"custom_model_data":209},"model":"modelengine:firefly_bunch/left_wing"},{"predicate":{"custom_model_data":210},"model":"modelengine:firefly_bunch/right_wing"},{"predicate":{"custom_model_data":211},"model":"modelengine:firefly_bunch/body2"},{"predicate":{"custom_model_data":212},"model":"modelengine:firefly_bunch/left_wing2"},{"predicate":{"custom_model_data":213},"model":"modelengine:firefly_bunch/right_wing2"},{"predicate":{"custom_model_data":214},"model":"modelengine:firefly_bunch/body3"},{"predicate":{"custom_model_data":215},"model":"modelengine:firefly_bunch/left_wing3"},{"predicate":{"custom_model_data":216},"model":"modelengine:firefly_bunch/right_wing3"},{"predicate":{"custom_model_data":217},"model":"modelengine:rat_black/upper_body"},{"predicate":{"custom_model_data":218},"model":"modelengine:rat_black/left_arm"},{"predicate":{"custom_model_data":219},"model":"modelengine:rat_black/crumb"},{"predicate":{"custom_model_data":220},"model":"modelengine:rat_black/right_arm"},{"predicate":{"custom_model_data":221},"model":"modelengine:rat_black/head"},{"predicate":{"custom_model_data":222},"model":"modelengine:rat_black/tail"},{"predicate":{"custom_model_data":223},"model":"modelengine:rat_black/tail_end"},{"predicate":{"custom_model_data":224},"model":"modelengine:rat_black/left_leg"},{"predicate":{"custom_model_data":225},"model":"modelengine:rat_black/right_leg"},{"predicate":{"custom_model_data":226},"model":"modelengine:rat_brown/upper_body"},{"predicate":{"custom_model_data":227},"model":"modelengine:rat_brown/left_arm"},{"predicate":{"custom_model_data":228},"model":"modelengine:rat_brown/crumb"},{"predicate":{"custom_model_data":229},"model":"modelengine:rat_brown/right_arm"},{"predicate":{"custom_model_data":230},"model":"modelengine:rat_brown/head"},{"predicate":{"custom_model_data":231},"model":"modelengine:rat_brown/tail"},{"predicate":{"custom_model_data":232},"model":"modelengine:rat_brown/tail_end"},{"predicate":{"custom_model_data":233},"model":"modelengine:rat_brown/left_leg"},{"predicate":{"custom_model_data":234},"model":"modelengine:rat_brown/right_leg"},{"predicate":{"custom_model_data":235},"model":"modelengine:rat_gray/upper_body"},{"predicate":{"custom_model_data":236},"model":"modelengine:rat_gray/left_arm"},{"predicate":{"custom_model_data":237},"model":"modelengine:rat_gray/crumb"},{"predicate":{"custom_model_data":238},"model":"modelengine:rat_gray/right_arm"},{"predicate":{"custom_model_data":239},"model":"modelengine:rat_gray/head"},{"predicate":{"custom_model_data":240},"model":"modelengine:rat_gray/tail"},{"predicate":{"custom_model_data":241},"model":"modelengine:rat_gray/tail_end"},{"predicate":{"custom_model_data":242},"model":"modelengine:rat_gray/left_leg"},{"predicate":{"custom_model_data":243},"model":"modelengine:rat_gray/right_leg"},{"predicate":{"custom_model_data":244},"model":"modelengine:squirrel_brown/upper_body"},{"predicate":{"custom_model_data":245},"model":"modelengine:squirrel_brown/tail"},{"predicate":{"custom_model_data":246},"model":"modelengine:squirrel_brown/head"},{"predicate":{"custom_model_data":247},"model":"modelengine:squirrel_brown/left_arm"},{"predicate":{"custom_model_data":248},"model":"modelengine:squirrel_brown/acorn"},{"predicate":{"custom_model_data":249},"model":"modelengine:squirrel_brown/right_arm"},{"predicate":{"custom_model_data":250},"model":"modelengine:squirrel_brown/left_leg"},{"predicate":{"custom_model_data":251},"model":"modelengine:squirrel_brown/left_foot"},{"predicate":{"custom_model_data":252},"model":"modelengine:squirrel_brown/right_leg"},{"predicate":{"custom_model_data":253},"model":"modelengine:squirrel_brown/right_foot"},{"predicate":{"custom_model_data":254},"model":"modelengine:squirrel_gray/upper_body"},{"predicate":{"custom_model_data":255},"model":"modelengine:squirrel_gray/tail"},{"predicate":{"custom_model_data":256},"model":"modelengine:squirrel_gray/head"},{"predicate":{"custom_model_data":257},"model":"modelengine:squirrel_gray/left_arm"},{"predicate":{"custom_model_data":258},"model":"modelengine:squirrel_gray/acorn"},{"predicate":{"custom_model_data":259},"model":"modelengine:squirrel_gray/right_arm"},{"predicate":{"custom_model_data":260},"model":"modelengine:squirrel_gray/left_leg"},{"predicate":{"custom_model_data":261},"model":"modelengine:squirrel_gray/left_foot"},{"predicate":{"custom_model_data":262},"model":"modelengine:squirrel_gray/right_leg"},{"predicate":{"custom_model_data":263},"model":"modelengine:squirrel_gray/right_foot"},{"predicate":{"custom_model_data":264},"model":"modelengine:squirrel_red/upper_body"},{"predicate":{"custom_model_data":265},"model":"modelengine:squirrel_red/tail"},{"predicate":{"custom_model_data":266},"model":"modelengine:squirrel_red/head"},{"predicate":{"custom_model_data":267},"model":"modelengine:squirrel_red/left_arm"},{"predicate":{"custom_model_data":268},"model":"modelengine:squirrel_red/acorn"},{"predicate":{"custom_model_data":269},"model":"modelengine:squirrel_red/right_arm"},{"predicate":{"custom_model_data":270},"model":"modelengine:squirrel_red/left_leg"},{"predicate":{"custom_model_data":271},"model":"modelengine:squirrel_red/left_foot"},{"predicate":{"custom_model_data":272},"model":"modelengine:squirrel_red/right_leg"},{"predicate":{"custom_model_data":273},"model":"modelengine:squirrel_red/right_foot"},{"predicate":{"custom_model_data":1000},"model":"modelengine:nocsy_drakonin/body"},{"predicate":{"custom_model_data":1001},"model":"modelengine:nocsy_drakonin/left_wing"},{"predicate":{"custom_model_data":1002},"model":"modelengine:nocsy_drakonin/left_wing_end"},{"predicate":{"custom_model_data":1003},"model":"modelengine:nocsy_drakonin/right_wing"},{"predicate":{"custom_model_data":1004},"model":"modelengine:nocsy_drakonin/right_wing_end"},{"predicate":{"custom_model_data":1005},"model":"modelengine:nocsy_drakonin/neck"},{"predicate":{"custom_model_data":1006},"model":"modelengine:nocsy_drakonin/head"},{"predicate":{"custom_model_data":1007},"model":"modelengine:nocsy_drakonin/horn_left"},{"predicate":{"custom_model_data":1008},"model":"modelengine:nocsy_drakonin/horn_right"},{"predicate":{"custom_model_data":1009},"model":"modelengine:nocsy_drakonin/right_leg"},{"predicate":{"custom_model_data":1010},"model":"modelengine:nocsy_drakonin/right_tibia"},{"predicate":{"custom_model_data":1011},"model":"modelengine:nocsy_drakonin/right_foot"},{"predicate":{"custom_model_data":1012},"model":"modelengine:nocsy_drakonin/left_leg"},{"predicate":{"custom_model_data":1013},"model":"modelengine:nocsy_drakonin/left_tibia"},{"predicate":{"custom_model_data":1014},"model":"modelengine:nocsy_drakonin/left_foot"},{"predicate":{"custom_model_data":1015},"model":"modelengine:nocsy_drakonin/right_backleg"},{"predicate":{"custom_model_data":1016},"model":"modelengine:nocsy_drakonin/right_backtibia"},{"predicate":{"custom_model_data":1017},"model":"modelengine:nocsy_drakonin/right_backfoot"},{"predicate":{"custom_model_data":1018},"model":"modelengine:nocsy_drakonin/left_backleg"},{"predicate":{"custom_model_data":1019},"model":"modelengine:nocsy_drakonin/left_backtibia"},{"predicate":{"custom_model_data":1020},"model":"modelengine:nocsy_drakonin/left_backfoot"},{"predicate":{"custom_model_data":1021},"model":"modelengine:nocsy_drakonin/tail_1"},{"predicate":{"custom_model_data":1022},"model":"modelengine:nocsy_drakonin/tail_2"},{"predicate":{"custom_model_data":1023},"model":"modelengine:nocsy_drakonin/tail_3"},{"predicate":{"custom_model_data":1024},"model":"modelengine:nocsy_drakonin2/body"},{"predicate":{"custom_model_data":1025},"model":"modelengine:nocsy_drakonin2/left_wing"},{"predicate":{"custom_model_data":1026},"model":"modelengine:nocsy_drakonin2/left_wing_end"},{"predicate":{"custom_model_data":1027},"model":"modelengine:nocsy_drakonin2/right_wing"},{"predicate":{"custom_model_data":1028},"model":"modelengine:nocsy_drakonin2/right_wing_end"},{"predicate":{"custom_model_data":1029},"model":"modelengine:nocsy_drakonin2/neck"},{"predicate":{"custom_model_data":1030},"model":"modelengine:nocsy_drakonin2/head"},{"predicate":{"custom_model_data":1031},"model":"modelengine:nocsy_drakonin2/horn_left"},{"predicate":{"custom_model_data":1032},"model":"modelengine:nocsy_drakonin2/horn_right"},{"predicate":{"custom_model_data":1033},"model":"modelengine:nocsy_drakonin2/left_leg"},{"predicate":{"custom_model_data":1034},"model":"modelengine:nocsy_drakonin2/left_tibia"},{"predicate":{"custom_model_data":1035},"model":"modelengine:nocsy_drakonin2/left_foot"},{"predicate":{"custom_model_data":1036},"model":"modelengine:nocsy_drakonin2/right_leg"},{"predicate":{"custom_model_data":1037},"model":"modelengine:nocsy_drakonin2/right_tibia"},{"predicate":{"custom_model_data":1038},"model":"modelengine:nocsy_drakonin2/right_foot"},{"predicate":{"custom_model_data":1039},"model":"modelengine:nocsy_drakonin2/right_backleg"},{"predicate":{"custom_model_data":1040},"model":"modelengine:nocsy_drakonin2/right_backtibia"},{"predicate":{"custom_model_data":1041},"model":"modelengine:nocsy_drakonin2/right_backfoot"},{"predicate":{"custom_model_data":1042},"model":"modelengine:nocsy_drakonin2/left_backleg"},{"predicate":{"custom_model_data":1043},"model":"modelengine:nocsy_drakonin2/left_backtibia"},{"predicate":{"custom_model_data":1044},"model":"modelengine:nocsy_drakonin2/left_backfoot"},{"predicate":{"custom_model_data":1045},"model":"modelengine:nocsy_drakonin2/tail_1"},{"predicate":{"custom_model_data":1046},"model":"modelengine:nocsy_drakonin2/tail_2"},{"predicate":{"custom_model_data":1047},"model":"modelengine:nocsy_drakonin2/tail_3"},{"predicate":{"custom_model_data":1048},"model":"modelengine:nocsy_drakonin3/body"},{"predicate":{"custom_model_data":1049},"model":"modelengine:nocsy_drakonin3/left_wing"},{"predicate":{"custom_model_data":1050},"model":"modelengine:nocsy_drakonin3/left_hand"},{"predicate":{"custom_model_data":1051},"model":"modelengine:nocsy_drakonin3/left_wing_end"},{"predicate":{"custom_model_data":1052},"model":"modelengine:nocsy_drakonin3/right_wing"},{"predicate":{"custom_model_data":1053},"model":"modelengine:nocsy_drakonin3/right_hand"},{"predicate":{"custom_model_data":1054},"model":"modelengine:nocsy_drakonin3/right_wing_end"},{"predicate":{"custom_model_data":1055},"model":"modelengine:nocsy_drakonin3/neck"},{"predicate":{"custom_model_data":1056},"model":"modelengine:nocsy_drakonin3/head"},{"predicate":{"custom_model_data":1057},"model":"modelengine:nocsy_drakonin3/horn_left"},{"predicate":{"custom_model_data":1058},"model":"modelengine:nocsy_drakonin3/horn_right"},{"predicate":{"custom_model_data":1059},"model":"modelengine:nocsy_drakonin3/right_backleg"},{"predicate":{"custom_model_data":1060},"model":"modelengine:nocsy_drakonin3/right_backtibia"},{"predicate":{"custom_model_data":1061},"model":"modelengine:nocsy_drakonin3/right_backfoot"},{"predicate":{"custom_model_data":1062},"model":"modelengine:nocsy_drakonin3/left_backleg"},{"predicate":{"custom_model_data":1063},"model":"modelengine:nocsy_drakonin3/left_backtibia"},{"predicate":{"custom_model_data":1064},"model":"modelengine:nocsy_drakonin3/left_backfoot"},{"predicate":{"custom_model_data":1065},"model":"modelengine:nocsy_drakonin3/tail_1"},{"predicate":{"custom_model_data":1066},"model":"modelengine:nocsy_drakonin3/tail_2"},{"predicate":{"custom_model_data":1067},"model":"modelengine:nocsy_drakonin3/tail_3"},{"predicate":{"custom_model_data":1068},"model":"modelengine:nocsy_drakonin4/body"},{"predicate":{"custom_model_data":1069},"model":"modelengine:nocsy_drakonin4/left_wing"},{"predicate":{"custom_model_data":1070},"model":"modelengine:nocsy_drakonin4/left_hand"},{"predicate":{"custom_model_data":1071},"model":"modelengine:nocsy_drakonin4/left_wing_end"},{"predicate":{"custom_model_data":1072},"model":"modelengine:nocsy_drakonin4/right_wing"},{"predicate":{"custom_model_data":1073},"model":"modelengine:nocsy_drakonin4/right_hand"},{"predicate":{"custom_model_data":1074},"model":"modelengine:nocsy_drakonin4/right_wing_end"},{"predicate":{"custom_model_data":1075},"model":"modelengine:nocsy_drakonin4/neck"},{"predicate":{"custom_model_data":1076},"model":"modelengine:nocsy_drakonin4/head"},{"predicate":{"custom_model_data":1077},"model":"modelengine:nocsy_drakonin4/horn_left"},{"predicate":{"custom_model_data":1078},"model":"modelengine:nocsy_drakonin4/horn_right"},{"predicate":{"custom_model_data":1079},"model":"modelengine:nocsy_drakonin4/left_backleg"},{"predicate":{"custom_model_data":1080},"model":"modelengine:nocsy_drakonin4/left_backtibia"},{"predicate":{"custom_model_data":1081},"model":"modelengine:nocsy_drakonin4/left_backfoot"},{"predicate":{"custom_model_data":1082},"model":"modelengine:nocsy_drakonin4/right_backleg"},{"predicate":{"custom_model_data":1083},"model":"modelengine:nocsy_drakonin4/right_backtibia"},{"predicate":{"custom_model_data":1084},"model":"modelengine:nocsy_drakonin4/right_backfoot"},{"predicate":{"custom_model_data":1085},"model":"modelengine:nocsy_drakonin4/tail_1"},{"predicate":{"custom_model_data":1086},"model":"modelengine:nocsy_drakonin4/tail_2"},{"predicate":{"custom_model_data":1087},"model":"modelengine:nocsy_drakonin4/tail_3"},{"predicate":{"custom_model_data":1088},"model":"modelengine:nocsy_drakonin4/tail_4"},{"predicate":{"custom_model_data":1089},"model":"modelengine:nocsy_drakonin5/body"},{"predicate":{"custom_model_data":1090},"model":"modelengine:nocsy_drakonin5/left_wing"},{"predicate":{"custom_model_data":1091},"model":"modelengine:nocsy_drakonin5/left_wing_end"},{"predicate":{"custom_model_data":1092},"model":"modelengine:nocsy_drakonin5/right_wing"},{"predicate":{"custom_model_data":1093},"model":"modelengine:nocsy_drakonin5/right_wing_end"},{"predicate":{"custom_model_data":1094},"model":"modelengine:nocsy_drakonin5/neck"},{"predicate":{"custom_model_data":1095},"model":"modelengine:nocsy_drakonin5/head"},{"predicate":{"custom_model_data":1096},"model":"modelengine:nocsy_drakonin5/horn_left"},{"predicate":{"custom_model_data":1097},"model":"modelengine:nocsy_drakonin5/horn_right"},{"predicate":{"custom_model_data":1098},"model":"modelengine:nocsy_drakonin5/left_leg"},{"predicate":{"custom_model_data":1099},"model":"modelengine:nocsy_drakonin5/left_tibia"},{"predicate":{"custom_model_data":1100},"model":"modelengine:nocsy_drakonin5/left_foot"},{"predicate":{"custom_model_data":1101},"model":"modelengine:nocsy_drakonin5/right_leg"},{"predicate":{"custom_model_data":1102},"model":"modelengine:nocsy_drakonin5/right_tibia"},{"predicate":{"custom_model_data":1103},"model":"modelengine:nocsy_drakonin5/right_foot"},{"predicate":{"custom_model_data":1104},"model":"modelengine:nocsy_drakonin5/left_backleg"},{"predicate":{"custom_model_data":1105},"model":"modelengine:nocsy_drakonin5/left_backtibia"},{"predicate":{"custom_model_data":1106},"model":"modelengine:nocsy_drakonin5/left_backfoot"},{"predicate":{"custom_model_data":1107},"model":"modelengine:nocsy_drakonin5/right_backleg"},{"predicate":{"custom_model_data":1108},"model":"modelengine:nocsy_drakonin5/right_backtibia"},{"predicate":{"custom_model_data":1109},"model":"modelengine:nocsy_drakonin5/right_backfoot"},{"predicate":{"custom_model_data":1110},"model":"modelengine:nocsy_drakonin5/tail_1"},{"predicate":{"custom_model_data":1111},"model":"modelengine:nocsy_drakonin5/tail_2"},{"predicate":{"custom_model_data":1112},"model":"modelengine:nocsy_drakonin5/tail_3"},{"predicate":{"custom_model_data":1113},"model":"modelengine:nocsy_drakonin6/body"},{"predicate":{"custom_model_data":1114},"model":"modelengine:nocsy_drakonin6/left_wing"},{"predicate":{"custom_model_data":1115},"model":"modelengine:nocsy_drakonin6/left_hand"},{"predicate":{"custom_model_data":1116},"model":"modelengine:nocsy_drakonin6/left_wing_end"},{"predicate":{"custom_model_data":1117},"model":"modelengine:nocsy_drakonin6/right_wing"},{"predicate":{"custom_model_data":1118},"model":"modelengine:nocsy_drakonin6/right_hand"},{"predicate":{"custom_model_data":1119},"model":"modelengine:nocsy_drakonin6/right_wing_end"},{"predicate":{"custom_model_data":1120},"model":"modelengine:nocsy_drakonin6/neck"},{"predicate":{"custom_model_data":1121},"model":"modelengine:nocsy_drakonin6/head"},{"predicate":{"custom_model_data":1122},"model":"modelengine:nocsy_drakonin6/horn_left"},{"predicate":{"custom_model_data":1123},"model":"modelengine:nocsy_drakonin6/horn_right"},{"predicate":{"custom_model_data":1124},"model":"modelengine:nocsy_drakonin6/right_backleg"},{"predicate":{"custom_model_data":1125},"model":"modelengine:nocsy_drakonin6/right_backtibia"},{"predicate":{"custom_model_data":1126},"model":"modelengine:nocsy_drakonin6/right_backfoot"},{"predicate":{"custom_model_data":1127},"model":"modelengine:nocsy_drakonin6/left_backleg"},{"predicate":{"custom_model_data":1128},"model":"modelengine:nocsy_drakonin6/left_backtibia"},{"predicate":{"custom_model_data":1129},"model":"modelengine:nocsy_drakonin6/left_backfoot"},{"predicate":{"custom_model_data":1130},"model":"modelengine:nocsy_drakonin6/tail_1"},{"predicate":{"custom_model_data":1131},"model":"modelengine:nocsy_drakonin6/tail_2"},{"predicate":{"custom_model_data":1132},"model":"modelengine:nocsy_drakonin6/tail_3"},{"predicate":{"custom_model_data":1133},"model":"modelengine:nocsy_drakonin7/body"},{"predicate":{"custom_model_data":1134},"model":"modelengine:nocsy_drakonin7/right_wing"},{"predicate":{"custom_model_data":1135},"model":"modelengine:nocsy_drakonin7/right_wing_end"},{"predicate":{"custom_model_data":1136},"model":"modelengine:nocsy_drakonin7/left_wing"},{"predicate":{"custom_model_data":1137},"model":"modelengine:nocsy_drakonin7/left_wing_end"},{"predicate":{"custom_model_data":1138},"model":"modelengine:nocsy_drakonin7/neck"},{"predicate":{"custom_model_data":1139},"model":"modelengine:nocsy_drakonin7/head"},{"predicate":{"custom_model_data":1140},"model":"modelengine:nocsy_drakonin7/horn_left"},{"predicate":{"custom_model_data":1141},"model":"modelengine:nocsy_drakonin7/horn_right"},{"predicate":{"custom_model_data":1142},"model":"modelengine:nocsy_drakonin7/left_leg"},{"predicate":{"custom_model_data":1143},"model":"modelengine:nocsy_drakonin7/left_tibia"},{"predicate":{"custom_model_data":1144},"model":"modelengine:nocsy_drakonin7/left_foot"},{"predicate":{"custom_model_data":1145},"model":"modelengine:nocsy_drakonin7/right_leg"},{"predicate":{"custom_model_data":1146},"model":"modelengine:nocsy_drakonin7/right_tibia"},{"predicate":{"custom_model_data":1147},"model":"modelengine:nocsy_drakonin7/right_foot"},{"predicate":{"custom_model_data":1148},"model":"modelengine:nocsy_drakonin7/left_backleg"},{"predicate":{"custom_model_data":1149},"model":"modelengine:nocsy_drakonin7/left_backtibia"},{"predicate":{"custom_model_data":1150},"model":"modelengine:nocsy_drakonin7/left_backfoot"},{"predicate":{"custom_model_data":1151},"model":"modelengine:nocsy_drakonin7/right_backleg"},{"predicate":{"custom_model_data":1152},"model":"modelengine:nocsy_drakonin7/right_backtibia"},{"predicate":{"custom_model_data":1153},"model":"modelengine:nocsy_drakonin7/right_backfoot"},{"predicate":{"custom_model_data":1154},"model":"modelengine:nocsy_drakonin7/tail_1"},{"predicate":{"custom_model_data":1155},"model":"modelengine:nocsy_drakonin7/tail_2"},{"predicate":{"custom_model_data":1156},"model":"modelengine:nocsy_drakonin7/tail_3"},{"predicate":{"custom_model_data":1157},"model":"modelengine:nocsy_drakonin8/body"},{"predicate":{"custom_model_data":1158},"model":"modelengine:nocsy_drakonin8/right_wing"},{"predicate":{"custom_model_data":1159},"model":"modelengine:nocsy_drakonin8/right_hand"},{"predicate":{"custom_model_data":1160},"model":"modelengine:nocsy_drakonin8/right_wing_end"},{"predicate":{"custom_model_data":1161},"model":"modelengine:nocsy_drakonin8/left_wing"},{"predicate":{"custom_model_data":1162},"model":"modelengine:nocsy_drakonin8/left_hand"},{"predicate":{"custom_model_data":1163},"model":"modelengine:nocsy_drakonin8/left_wing_end"},{"predicate":{"custom_model_data":1164},"model":"modelengine:nocsy_drakonin8/neck"},{"predicate":{"custom_model_data":1165},"model":"modelengine:nocsy_drakonin8/head"},{"predicate":{"custom_model_data":1166},"model":"modelengine:nocsy_drakonin8/horn_left"},{"predicate":{"custom_model_data":1167},"model":"modelengine:nocsy_drakonin8/horn_right"},{"predicate":{"custom_model_data":1168},"model":"modelengine:nocsy_drakonin8/left_backleg"},{"predicate":{"custom_model_data":1169},"model":"modelengine:nocsy_drakonin8/left_backtibia"},{"predicate":{"custom_model_data":1170},"model":"modelengine:nocsy_drakonin8/left_backfoot"},{"predicate":{"custom_model_data":1171},"model":"modelengine:nocsy_drakonin8/right_backleg"},{"predicate":{"custom_model_data":1172},"model":"modelengine:nocsy_drakonin8/right_backtibia"},{"predicate":{"custom_model_data":1173},"model":"modelengine:nocsy_drakonin8/right_backfoot"},{"predicate":{"custom_model_data":1174},"model":"modelengine:nocsy_drakonin8/tail_1"},{"predicate":{"custom_model_data":1175},"model":"modelengine:nocsy_drakonin8/tail_2"},{"predicate":{"custom_model_data":1176},"model":"modelengine:nocsy_drakonin8/tail_3"},{"predicate":{"custom_model_data":1177},"model":"modelengine:nocsy_drakonin8/tail_4"},{"predicate":{"custom_model_data":2000},"model":"modelengine:nocsy_drakonin_baby/body"},{"predicate":{"custom_model_data":2001},"model":"modelengine:nocsy_drakonin_baby/right_wing"},{"predicate":{"custom_model_data":2002},"model":"modelengine:nocsy_drakonin_baby/right_wing_end"},{"predicate":{"custom_model_data":2003},"model":"modelengine:nocsy_drakonin_baby/left_wing"},{"predicate":{"custom_model_data":2004},"model":"modelengine:nocsy_drakonin_baby/left_wing_end"},{"predicate":{"custom_model_data":2005},"model":"modelengine:nocsy_drakonin_baby/neck"},{"predicate":{"custom_model_data":2006},"model":"modelengine:nocsy_drakonin_baby/head"},{"predicate":{"custom_model_data":2007},"model":"modelengine:nocsy_drakonin_baby/horn_left"},{"predicate":{"custom_model_data":2008},"model":"modelengine:nocsy_drakonin_baby/horn_right"},{"predicate":{"custom_model_data":2009},"model":"modelengine:nocsy_drakonin_baby/left_leg"},{"predicate":{"custom_model_data":2010},"model":"modelengine:nocsy_drakonin_baby/left_tibia"},{"predicate":{"custom_model_data":2011},"model":"modelengine:nocsy_drakonin_baby/left_foot"},{"predicate":{"custom_model_data":2012},"model":"modelengine:nocsy_drakonin_baby/right_leg"},{"predicate":{"custom_model_data":2013},"model":"modelengine:nocsy_drakonin_baby/right_tibia"},{"predicate":{"custom_model_data":2014},"model":"modelengine:nocsy_drakonin_baby/right_foot"},{"predicate":{"custom_model_data":2015},"model":"modelengine:nocsy_drakonin_baby/left_backleg"},{"predicate":{"custom_model_data":2016},"model":"modelengine:nocsy_drakonin_baby/left_backtibia"},{"predicate":{"custom_model_data":2017},"model":"modelengine:nocsy_drakonin_baby/left_backfoot"},{"predicate":{"custom_model_data":2018},"model":"modelengine:nocsy_drakonin_baby/right_backleg"},{"predicate":{"custom_model_data":2019},"model":"modelengine:nocsy_drakonin_baby/right_backtibia"},{"predicate":{"custom_model_data":2020},"model":"modelengine:nocsy_drakonin_baby/right_backfoot"},{"predicate":{"custom_model_data":2021},"model":"modelengine:nocsy_drakonin_baby/tail"},{"predicate":{"custom_model_data":2022},"model":"modelengine:nocsy_drakonin_baby2/body"},{"predicate":{"custom_model_data":2023},"model":"modelengine:nocsy_drakonin_baby2/right_wing"},{"predicate":{"custom_model_data":2024},"model":"modelengine:nocsy_drakonin_baby2/right_wing_end"},{"predicate":{"custom_model_data":2025},"model":"modelengine:nocsy_drakonin_baby2/left_wing"},{"predicate":{"custom_model_data":2026},"model":"modelengine:nocsy_drakonin_baby2/left_wing_end"},{"predicate":{"custom_model_data":2027},"model":"modelengine:nocsy_drakonin_baby2/neck"},{"predicate":{"custom_model_data":2028},"model":"modelengine:nocsy_drakonin_baby2/head"},{"predicate":{"custom_model_data":2029},"model":"modelengine:nocsy_drakonin_baby2/horn_left"},{"predicate":{"custom_model_data":2030},"model":"modelengine:nocsy_drakonin_baby2/horn_right"},{"predicate":{"custom_model_data":2031},"model":"modelengine:nocsy_drakonin_baby2/left_leg"},{"predicate":{"custom_model_data":2032},"model":"modelengine:nocsy_drakonin_baby2/left_tibia"},{"predicate":{"custom_model_data":2033},"model":"modelengine:nocsy_drakonin_baby2/left_foot"},{"predicate":{"custom_model_data":2034},"model":"modelengine:nocsy_drakonin_baby2/right_leg"},{"predicate":{"custom_model_data":2035},"model":"modelengine:nocsy_drakonin_baby2/right_tibia"},{"predicate":{"custom_model_data":2036},"model":"modelengine:nocsy_drakonin_baby2/right_foot"},{"predicate":{"custom_model_data":2037},"model":"modelengine:nocsy_drakonin_baby2/left_backleg"},{"predicate":{"custom_model_data":2038},"model":"modelengine:nocsy_drakonin_baby2/left_backtibia"},{"predicate":{"custom_model_data":2039},"model":"modelengine:nocsy_drakonin_baby2/left_backfoot"},{"predicate":{"custom_model_data":2040},"model":"modelengine:nocsy_drakonin_baby2/right_backleg"},{"predicate":{"custom_model_data":2041},"model":"modelengine:nocsy_drakonin_baby2/right_backtibia"},{"predicate":{"custom_model_data":2042},"model":"modelengine:nocsy_drakonin_baby2/right_backfoot"},{"predicate":{"custom_model_data":2043},"model":"modelengine:nocsy_drakonin_baby2/tail"},{"predicate":{"custom_model_data":2044},"model":"modelengine:nocsy_drakonin_baby3/body"},{"predicate":{"custom_model_data":2045},"model":"modelengine:nocsy_drakonin_baby3/left_wing"},{"predicate":{"custom_model_data":2046},"model":"modelengine:nocsy_drakonin_baby3/left_hand"},{"predicate":{"custom_model_data":2047},"model":"modelengine:nocsy_drakonin_baby3/left_wing_end"},{"predicate":{"custom_model_data":2048},"model":"modelengine:nocsy_drakonin_baby3/right_wing"},{"predicate":{"custom_model_data":2049},"model":"modelengine:nocsy_drakonin_baby3/right_hand"},{"predicate":{"custom_model_data":2050},"model":"modelengine:nocsy_drakonin_baby3/right_wing_end"},{"predicate":{"custom_model_data":2051},"model":"modelengine:nocsy_drakonin_baby3/neck"},{"predicate":{"custom_model_data":2052},"model":"modelengine:nocsy_drakonin_baby3/head"},{"predicate":{"custom_model_data":2053},"model":"modelengine:nocsy_drakonin_baby3/horn_left"},{"predicate":{"custom_model_data":2054},"model":"modelengine:nocsy_drakonin_baby3/horn_right"},{"predicate":{"custom_model_data":2055},"model":"modelengine:nocsy_drakonin_baby3/left_backleg"},{"predicate":{"custom_model_data":2056},"model":"modelengine:nocsy_drakonin_baby3/left_backtibia"},{"predicate":{"custom_model_data":2057},"model":"modelengine:nocsy_drakonin_baby3/left_backfoot"},{"predicate":{"custom_model_data":2058},"model":"modelengine:nocsy_drakonin_baby3/right_backleg"},{"predicate":{"custom_model_data":2059},"model":"modelengine:nocsy_drakonin_baby3/right_backtibia"},{"predicate":{"custom_model_data":2060},"model":"modelengine:nocsy_drakonin_baby3/right_backfoot"},{"predicate":{"custom_model_data":2061},"model":"modelengine:nocsy_drakonin_baby3/tail"},{"predicate":{"custom_model_data":2062},"model":"modelengine:nocsy_drakonin_baby4/body"},{"predicate":{"custom_model_data":2063},"model":"modelengine:nocsy_drakonin_baby4/right_wing"},{"predicate":{"custom_model_data":2064},"model":"modelengine:nocsy_drakonin_baby4/right_hand"},{"predicate":{"custom_model_data":2065},"model":"modelengine:nocsy_drakonin_baby4/right_wing_end"},{"predicate":{"custom_model_data":2066},"model":"modelengine:nocsy_drakonin_baby4/left_wing"},{"predicate":{"custom_model_data":2067},"model":"modelengine:nocsy_drakonin_baby4/left_hand"},{"predicate":{"custom_model_data":2068},"model":"modelengine:nocsy_drakonin_baby4/left_wing_end"},{"predicate":{"custom_model_data":2069},"model":"modelengine:nocsy_drakonin_baby4/neck"},{"predicate":{"custom_model_data":2070},"model":"modelengine:nocsy_drakonin_baby4/head"},{"predicate":{"custom_model_data":2071},"model":"modelengine:nocsy_drakonin_baby4/horn_left"},{"predicate":{"custom_model_data":2072},"model":"modelengine:nocsy_drakonin_baby4/horn_right"},{"predicate":{"custom_model_data":2073},"model":"modelengine:nocsy_drakonin_baby4/left_backleg"},{"predicate":{"custom_model_data":2074},"model":"modelengine:nocsy_drakonin_baby4/left_backtibia"},{"predicate":{"custom_model_data":2075},"model":"modelengine:nocsy_drakonin_baby4/left_backfoot"},{"predicate":{"custom_model_data":2076},"model":"modelengine:nocsy_drakonin_baby4/right_backleg"},{"predicate":{"custom_model_data":2077},"model":"modelengine:nocsy_drakonin_baby4/right_backtibia"},{"predicate":{"custom_model_data":2078},"model":"modelengine:nocsy_drakonin_baby4/right_backfoot"},{"predicate":{"custom_model_data":2079},"model":"modelengine:nocsy_drakonin_baby4/tail"},{"predicate":{"custom_model_data":2080},"model":"modelengine:nocsy_drakonin_baby5/body"},{"predicate":{"custom_model_data":2081},"model":"modelengine:nocsy_drakonin_baby5/left_wing"},{"predicate":{"custom_model_data":2082},"model":"modelengine:nocsy_drakonin_baby5/left_wing_end"},{"predicate":{"custom_model_data":2083},"model":"modelengine:nocsy_drakonin_baby5/right_wing"},{"predicate":{"custom_model_data":2084},"model":"modelengine:nocsy_drakonin_baby5/right_wing_end"},{"predicate":{"custom_model_data":2085},"model":"modelengine:nocsy_drakonin_baby5/neck"},{"predicate":{"custom_model_data":2086},"model":"modelengine:nocsy_drakonin_baby5/head"},{"predicate":{"custom_model_data":2087},"model":"modelengine:nocsy_drakonin_baby5/horn_left"},{"predicate":{"custom_model_data":2088},"model":"modelengine:nocsy_drakonin_baby5/horn_right"},{"predicate":{"custom_model_data":2089},"model":"modelengine:nocsy_drakonin_baby5/machoire"},{"predicate":{"custom_model_data":2090},"model":"modelengine:nocsy_drakonin_baby5/left_leg"},{"predicate":{"custom_model_data":2091},"model":"modelengine:nocsy_drakonin_baby5/left_tibia"},{"predicate":{"custom_model_data":2092},"model":"modelengine:nocsy_drakonin_baby5/left_foot"},{"predicate":{"custom_model_data":2093},"model":"modelengine:nocsy_drakonin_baby5/right_leg"},{"predicate":{"custom_model_data":2094},"model":"modelengine:nocsy_drakonin_baby5/right_tibia"},{"predicate":{"custom_model_data":2095},"model":"modelengine:nocsy_drakonin_baby5/right_foot"},{"predicate":{"custom_model_data":2096},"model":"modelengine:nocsy_drakonin_baby5/left_backleg"},{"predicate":{"custom_model_data":2097},"model":"modelengine:nocsy_drakonin_baby5/left_backtibia"},{"predicate":{"custom_model_data":2098},"model":"modelengine:nocsy_drakonin_baby5/left_backfoot"},{"predicate":{"custom_model_data":2099},"model":"modelengine:nocsy_drakonin_baby5/right_backleg"},{"predicate":{"custom_model_data":2100},"model":"modelengine:nocsy_drakonin_baby5/right_backtibia"},{"predicate":{"custom_model_data":2101},"model":"modelengine:nocsy_drakonin_baby5/right_backfoot"},{"predicate":{"custom_model_data":2102},"model":"modelengine:nocsy_drakonin_baby5/tail"},{"predicate":{"custom_model_data":2103},"model":"modelengine:nocsy_drakonin_baby6/body"},{"predicate":{"custom_model_data":2104},"model":"modelengine:nocsy_drakonin_baby6/right_wing"},{"predicate":{"custom_model_data":2105},"model":"modelengine:nocsy_drakonin_baby6/right_hand"},{"predicate":{"custom_model_data":2106},"model":"modelengine:nocsy_drakonin_baby6/right_wing_end"},{"predicate":{"custom_model_data":2107},"model":"modelengine:nocsy_drakonin_baby6/left_wing"},{"predicate":{"custom_model_data":2108},"model":"modelengine:nocsy_drakonin_baby6/left_hand"},{"predicate":{"custom_model_data":2109},"model":"modelengine:nocsy_drakonin_baby6/left_wing_end"},{"predicate":{"custom_model_data":2110},"model":"modelengine:nocsy_drakonin_baby6/neck"},{"predicate":{"custom_model_data":2111},"model":"modelengine:nocsy_drakonin_baby6/head"},{"predicate":{"custom_model_data":2112},"model":"modelengine:nocsy_drakonin_baby6/horn_left"},{"predicate":{"custom_model_data":2113},"model":"modelengine:nocsy_drakonin_baby6/horn_right"},{"predicate":{"custom_model_data":2114},"model":"modelengine:nocsy_drakonin_baby6/left_backleg"},{"predicate":{"custom_model_data":2115},"model":"modelengine:nocsy_drakonin_baby6/left_backtibia"},{"predicate":{"custom_model_data":2116},"model":"modelengine:nocsy_drakonin_baby6/left_backfoot"},{"predicate":{"custom_model_data":2117},"model":"modelengine:nocsy_drakonin_baby6/right_backleg"},{"predicate":{"custom_model_data":2118},"model":"modelengine:nocsy_drakonin_baby6/right_backtibia"},{"predicate":{"custom_model_data":2119},"model":"modelengine:nocsy_drakonin_baby6/right_backfoot"},{"predicate":{"custom_model_data":2120},"model":"modelengine:nocsy_drakonin_baby6/tail"},{"predicate":{"custom_model_data":2121},"model":"modelengine:nocsy_drakonin_baby7/body"},{"predicate":{"custom_model_data":2122},"model":"modelengine:nocsy_drakonin_baby7/right_wing"},{"predicate":{"custom_model_data":2123},"model":"modelengine:nocsy_drakonin_baby7/right_wing_end"},{"predicate":{"custom_model_data":2124},"model":"modelengine:nocsy_drakonin_baby7/left_wing"},{"predicate":{"custom_model_data":2125},"model":"modelengine:nocsy_drakonin_baby7/left_wing_end"},{"predicate":{"custom_model_data":2126},"model":"modelengine:nocsy_drakonin_baby7/neck"},{"predicate":{"custom_model_data":2127},"model":"modelengine:nocsy_drakonin_baby7/head"},{"predicate":{"custom_model_data":2128},"model":"modelengine:nocsy_drakonin_baby7/horn_left"},{"predicate":{"custom_model_data":2129},"model":"modelengine:nocsy_drakonin_baby7/horn_right"},{"predicate":{"custom_model_data":2130},"model":"modelengine:nocsy_drakonin_baby7/left_leg"},{"predicate":{"custom_model_data":2131},"model":"modelengine:nocsy_drakonin_baby7/left_tibia"},{"predicate":{"custom_model_data":2132},"model":"modelengine:nocsy_drakonin_baby7/left_foot"},{"predicate":{"custom_model_data":2133},"model":"modelengine:nocsy_drakonin_baby7/right_leg"},{"predicate":{"custom_model_data":2134},"model":"modelengine:nocsy_drakonin_baby7/right_tibia"},{"predicate":{"custom_model_data":2135},"model":"modelengine:nocsy_drakonin_baby7/right_foot"},{"predicate":{"custom_model_data":2136},"model":"modelengine:nocsy_drakonin_baby7/left_backleg"},{"predicate":{"custom_model_data":2137},"model":"modelengine:nocsy_drakonin_baby7/left_backtibia"},{"predicate":{"custom_model_data":2138},"model":"modelengine:nocsy_drakonin_baby7/left_backfoot"},{"predicate":{"custom_model_data":2139},"model":"modelengine:nocsy_drakonin_baby7/right_backleg"},{"predicate":{"custom_model_data":2140},"model":"modelengine:nocsy_drakonin_baby7/right_backtibia"},{"predicate":{"custom_model_data":2141},"model":"modelengine:nocsy_drakonin_baby7/right_backfoot"},{"predicate":{"custom_model_data":2142},"model":"modelengine:nocsy_drakonin_baby7/tail"},{"predicate":{"custom_model_data":2143},"model":"modelengine:nocsy_drakonin_baby8/body"},{"predicate":{"custom_model_data":2144},"model":"modelengine:nocsy_drakonin_baby8/left_wing"},{"predicate":{"custom_model_data":2145},"model":"modelengine:nocsy_drakonin_baby8/left_hand"},{"predicate":{"custom_model_data":2146},"model":"modelengine:nocsy_drakonin_baby8/left_wing_end"},{"predicate":{"custom_model_data":2147},"model":"modelengine:nocsy_drakonin_baby8/right_wing"},{"predicate":{"custom_model_data":2148},"model":"modelengine:nocsy_drakonin_baby8/right_hand"},{"predicate":{"custom_model_data":2149},"model":"modelengine:nocsy_drakonin_baby8/right_wing_end"},{"predicate":{"custom_model_data":2150},"model":"modelengine:nocsy_drakonin_baby8/neck"},{"predicate":{"custom_model_data":2151},"model":"modelengine:nocsy_drakonin_baby8/head"},{"predicate":{"custom_model_data":2152},"model":"modelengine:nocsy_drakonin_baby8/horn_left"},{"predicate":{"custom_model_data":2153},"model":"modelengine:nocsy_drakonin_baby8/horn_right"},{"predicate":{"custom_model_data":2154},"model":"modelengine:nocsy_drakonin_baby8/left_backleg"},{"predicate":{"custom_model_data":2155},"model":"modelengine:nocsy_drakonin_baby8/left_backtibia"},{"predicate":{"custom_model_data":2156},"model":"modelengine:nocsy_drakonin_baby8/left_backfoot"},{"predicate":{"custom_model_data":2157},"model":"modelengine:nocsy_drakonin_baby8/right_backleg"},{"predicate":{"custom_model_data":2158},"model":"modelengine:nocsy_drakonin_baby8/right_backtibia"},{"predicate":{"custom_model_data":2159},"model":"modelengine:nocsy_drakonin_baby8/right_backfoot"},{"predicate":{"custom_model_data":2160},"model":"modelengine:nocsy_drakonin_baby8/tail"},{"predicate":{"custom_model_data":2161},"model":"modelengine:nocsy_drakonin_baby8/tail_end"},{"predicate":{"custom_model_data":3000},"model":"modelengine:nocsy_drakonin_egg/egg"},{"predicate":{"custom_model_data":3001},"model":"modelengine:nocsy_drakonin_egg/shell"},{"predicate":{"custom_model_data":4000},"model":"modelengine:nm_alligator/nm_alligator"},{"predicate":{"custom_model_data":4001},"model":"modelengine:nm_alligator/tail"},{"predicate":{"custom_model_data":4002},"model":"modelengine:nm_alligator/tail2"},{"predicate":{"custom_model_data":4003},"model":"modelengine:nm_alligator/topjaw"},{"predicate":{"custom_model_data":4004},"model":"modelengine:nm_alligator/bottomjaw"},{"predicate":{"custom_model_data":4005},"model":"modelengine:nm_alligator/frontleftleg"},{"predicate":{"custom_model_data":4006},"model":"modelengine:nm_alligator/frontrightleg"},{"predicate":{"custom_model_data":4007},"model":"modelengine:nm_alligator/backleftleg"},{"predicate":{"custom_model_data":4008},"model":"modelengine:nm_alligator/backrightleg"},{"predicate":{"custom_model_data":4009},"model":"modelengine:nm_squirrel_brown/nm_squirrel_brown"},{"predicate":{"custom_model_data":4010},"model":"modelengine:nm_squirrel_brown/head"},{"predicate":{"custom_model_data":4011},"model":"modelengine:nm_squirrel_brown/rightarm"},{"predicate":{"custom_model_data":4012},"model":"modelengine:nm_squirrel_brown/rightleg"},{"predicate":{"custom_model_data":4013},"model":"modelengine:nm_squirrel_brown/leftarm"},{"predicate":{"custom_model_data":4014},"model":"modelengine:nm_squirrel_brown/leftleg"},{"predicate":{"custom_model_data":4015},"model":"modelengine:nm_squirrel_brown/tail"},{"predicate":{"custom_model_data":4016},"model":"modelengine:nm_squirrel_gray/nm_squirrel_gray"},{"predicate":{"custom_model_data":4017},"model":"modelengine:nm_squirrel_gray/head"},{"predicate":{"custom_model_data":4018},"model":"modelengine:nm_squirrel_gray/rightarm"},{"predicate":{"custom_model_data":4019},"model":"modelengine:nm_squirrel_gray/rightleg"},{"predicate":{"custom_model_data":4020},"model":"modelengine:nm_squirrel_gray/leftarm"},{"predicate":{"custom_model_data":4021},"model":"modelengine:nm_squirrel_gray/leftleg"},{"predicate":{"custom_model_data":4022},"model":"modelengine:nm_squirrel_gray/tail"},{"predicate":{"custom_model_data":4023},"model":"modelengine:nm_squirrel_red/nm_squirrel_red"},{"predicate":{"custom_model_data":4024},"model":"modelengine:nm_squirrel_red/head"},{"predicate":{"custom_model_data":4025},"model":"modelengine:nm_squirrel_red/rightarm"},{"predicate":{"custom_model_data":4026},"model":"modelengine:nm_squirrel_red/rightleg"},{"predicate":{"custom_model_data":4027},"model":"modelengine:nm_squirrel_red/leftarm"},{"predicate":{"custom_model_data":4028},"model":"modelengine:nm_squirrel_red/leftleg"},{"predicate":{"custom_model_data":4029},"model":"modelengine:nm_squirrel_red/tail"},{"predicate":{"custom_model_data":5000},"model":"modelengine:nocsy_drakonin_firespell/body"},{"predicate":{"custom_model_data":5001},"model":"modelengine:nocsy_drakonin_firespell/second_ring"},{"predicate":{"custom_model_data":5002},"model":"modelengine:nocsy_drakonin_poisoncloud/groundbone"},{"predicate":{"custom_model_data":5003},"model":"modelengine:nocsy_drakonin_poisoncloud/spell"},{"predicate":{"custom_model_data":5004},"model":"modelengine:nocsy_drakonin_rocks/spell"},{"predicate":{"custom_model_data":5005},"model":"modelengine:nocsy_drakonin_roots/root_right"},{"predicate":{"custom_model_data":5006},"model":"modelengine:nocsy_drakonin_roots/root_left"},{"predicate":{"custom_model_data":5007},"model":"modelengine:nocsy_drakonin_shadowspell/meteor"},{"predicate":{"custom_model_data":5008},"model":"modelengine:nocsy_drakonin_tornado/tornado"},{"predicate":{"custom_model_data":5009},"model":"modelengine:nocsy_drakonin_tornado/bottom_part"},{"predicate":{"custom_model_data":5010},"model":"modelengine:nocsy_drakonin_tornado/ring_big"},{"predicate":{"custom_model_data":5011},"model":"modelengine:nocsy_drakonin_tornado/ring_tiny"},{"predicate":{"custom_model_data":5012},"model":"modelengine:nocsy_drakonin_water_geyser/main_geyser"},{"predicate":{"custom_model_data":5013},"model":"modelengine:nocsy_drakonin_water_geyser/poof_water"}]}