{
    "parent":"item/handheld",
    "textures":{
        "layer0":"item/netherite_shovel"
    },
    "overrides":[
        { "predicate": { "custom_model_data": 50001}, "model": "item/toolskins/allay/shovel"},
        { "predicate": { "custom_model_data": 50002}, "model": "item/toolskins/atlantis/shovel"},
        { "predicate": { "custom_model_data": 50003}, "model": "item/toolskins/blaze/shovel"},
        { "predicate": { "custom_model_data": 50004}, "model": "item/toolskins/bubblegum/shovel"},
        { "predicate": { "custom_model_data": 50005}, "model": "item/toolskins/candy/shovel"},
        { "predicate": { "custom_model_data": 50006}, "model": "item/toolskins/dark/shovel"},
        { "predicate": { "custom_model_data": 50007}, "model": "item/toolskins/emperor/shovel"},
        { "predicate": { "custom_model_data": 50008}, "model": "item/toolskins/fire/shovel"},
        { "predicate": { "custom_model_data": 50009}, "model": "item/toolskins/ice/shovel"},
        { "predicate": { "custom_model_data": 50010}, "model": "item/toolskins/infernal/shovel"},
        { "predicate": { "custom_model_data": 50011}, "model": "item/toolskins/luck/shovel"},
        { "predicate": { "custom_model_data": 50012}, "model": "item/toolskins/magic/shovel"},
        { "predicate": { "custom_model_data": 50013}, "model": "item/toolskins/magma/shovel"},
        { "predicate": { "custom_model_data": 50014}, "model": "item/toolskins/pinkiron/shovel"},
        { "predicate": { "custom_model_data": 50015}, "model": "item/toolskins/power/shovel"},
        { "predicate": { "custom_model_data": 50016}, "model": "item/toolskins/red/shovel"},
        { "predicate": { "custom_model_data": 50017}, "model": "item/toolskins/sapphire/shovel"},
        { "predicate": { "custom_model_data": 50018}, "model": "item/toolskins/silver/shovel"},
        { "predicate": { "custom_model_data": 50019}, "model": "item/toolskins/sky/shovel"},
        { "predicate": { "custom_model_data": 50020}, "model": "item/toolskins/skylord/shovel"},
        { "predicate": { "custom_model_data": 50021}, "model": "item/toolskins/tech/shovel"},
	{ "predicate": { "custom_model_data": 50022}, "model": "item/toolskins/pixie/shovel"},
	{ "predicate": { "custom_model_data": 50023}, "model": "item/toolskins/christmas/shovel"},
	{ "predicate": { "custom_model_data": 50024}, "model": "item/toolskins/colossus/shovel"},
	{ "predicate": { "custom_model_data": 50025}, "model": "item/toolskins/alien/shovel"},
        { "predicate": { "custom_model_data": 50026}, "model": "item/toolskins/amethyst/shovel"},
        { "predicate": { "custom_model_data": 50027}, "model": "item/toolskins/coal/shovel"},
	{ "predicate": { "custom_model_data": 50028}, "model": "item/toolskins/color/shovel"},
        { "predicate": { "custom_model_data": 50029}, "model": "item/toolskins/copper/shovel"},
	{ "predicate": { "custom_model_data": 50030}, "model": "item/toolskins/demon/shovel"},	
	{ "predicate": { "custom_model_data": 50031}, "model": "item/toolskins/diamonds/shovel"},
	{ "predicate": { "custom_model_data": 50032}, "model": "item/toolskins/emeralds/shovel"},
	{ "predicate": { "custom_model_data": 50033}, "model": "item/toolskins/golden/shovel"},
	{ "predicate": { "custom_model_data": 50034}, "model": "item/toolskins/goldy/shovel"},
	{ "predicate": { "custom_model_data": 50035}, "model": "item/toolskins/pearl/shovel"},
	{ "predicate": { "custom_model_data": 50036}, "model": "item/toolskins/ruby/shovel"},
	{ "predicate": { "custom_model_data": 50037}, "model": "item/toolskins/sapphires/shovel"},
	{ "predicate": { "custom_model_data": 50038}, "model": "item/toolskins/silvers/shovel"},
	{ "predicate": { "custom_model_data": 50039}, "model": "item/toolskins/void/shovel"},
    { "predicate": { "custom_model_data": 50040}, "model": "item/toolskins/almighty/shovel"},
	{ "predicate": { "custom_model_data": 50041}, "model": "item/toolskins/frosted/shovel"},
	{ "predicate": { "custom_model_data": 50042}, "model": "item/toolskins/lava/shovel"},
	{ "predicate": { "custom_model_data": 50043}, "model": "item/toolskins/galaxy/shovel"},
    { "predicate": { "custom_model_data": 50044}, "model": "item/toolskins/grass/shovel"},
    { "predicate": { "custom_model_data": 50045}, "model": "item/toolskins/flame/shovel"}, 
    { "predicate": { "custom_model_data": 50046}, "model": "item/toolskins/kryptonite/shovel"}    
    ]
}