{
	"credit": "Made with Blockbench",
	"parent": "nocsy_drakonin_head7",
	"texture_size": [256, 256],
	"textures": {
		"2": "nocsy/nocsy_drakonin7"
	},
	"elements": [
		{
			"from": [3.01223, 1.03963, 4.42536],
			"to": [3.01223, 10.03963, 15.42536],
			"rotation": {"angle": -22.5, "axis": "y", "origin": [2.93723, 1.33963, 10.22536]},
			"faces": {
				"north": {"uv": [8.375, 12.0625, 8.375, 12.625], "texture": "#2"},
				"east": {"uv": [8.25, 6.5, 8.9375, 7.0625], "texture": "#2"},
				"south": {"uv": [8.4375, 12.0625, 8.4375, 12.625], "texture": "#2"},
				"west": {"uv": [8.25, 7.125, 8.9375, 7.6875], "texture": "#2"},
				"up": {"uv": [10.375, 12.8125, 10.375, 12.125], "texture": "#2"},
				"down": {"uv": [10.4375, 12.125, 10.4375, 12.8125], "texture": "#2"}
			}
		},
		{
			"from": [12.98777, 1.03963, 4.42536],
			"to": [12.98777, 10.03963, 15.42536],
			"rotation": {"angle": 22.5, "axis": "y", "origin": [13.06277, 1.33963, 10.22536]},
			"faces": {
				"north": {"uv": [2.125, 12.1875, 2.125, 12.75], "texture": "#2"},
				"east": {"uv": [7.375, 8.5, 8.0625, 9.0625], "texture": "#2"},
				"south": {"uv": [2.1875, 12.1875, 2.1875, 12.75], "texture": "#2"},
				"west": {"uv": [8.125, 8.5, 8.8125, 9.0625], "texture": "#2"},
				"up": {"uv": [3.3125, 12.875, 3.3125, 12.1875], "texture": "#2"},
				"down": {"uv": [6.8125, 12.1875, 6.8125, 12.875], "texture": "#2"}
			}
		},
		{
			"from": [4.5, 2.03963, 3.90708],
			"to": [11.5, 9.03963, 11.90708],
			"rotation": {"angle": 0, "axis": "y", "origin": [4.45, 12.53963, 3.83208]},
			"faces": {
				"north": {"uv": [9.5, 0, 9.9375, 0.4375], "texture": "#2"},
				"east": {"uv": [8.9375, 3.9375, 9.4375, 4.375], "texture": "#2"},
				"south": {"uv": [9.5, 0.5, 9.9375, 0.9375], "texture": "#2"},
				"west": {"uv": [8.9375, 4.4375, 9.4375, 4.875], "texture": "#2"},
				"up": {"uv": [9.4375, 5.4375, 9, 4.9375], "texture": "#2"},
				"down": {"uv": [9.4375, 5.5, 9, 6], "texture": "#2"}
			}
		},
		{
			"from": [6.98744, -4.99843, 3.90708],
			"to": [6.98744, 2.00157, 11.90708],
			"rotation": {"angle": -22.5, "axis": "z", "origin": [5.83939, 8.2732, 7.90708]},
			"faces": {
				"north": {"uv": [6.875, 12.1875, 6.875, 12.625], "texture": "#2"},
				"east": {"uv": [9, 6.0625, 9.5, 6.5], "texture": "#2"},
				"south": {"uv": [8.0625, 12.1875, 8.0625, 12.625], "texture": "#2"},
				"west": {"uv": [9, 6.5625, 9.5, 7], "texture": "#2"},
				"up": {"uv": [9, 12.6875, 9, 12.1875], "texture": "#2"},
				"down": {"uv": [0.5625, 12.25, 0.5625, 12.75], "texture": "#2"}
			}
		},
		{
			"from": [9.01256, -4.99843, 3.90708],
			"to": [9.01256, 2.00157, 11.90708],
			"rotation": {"angle": 22.5, "axis": "z", "origin": [10.16061, 8.2732, 7.90708]},
			"faces": {
				"north": {"uv": [0.625, 12.25, 0.625, 12.6875], "texture": "#2"},
				"east": {"uv": [9, 7.0625, 9.5, 7.5], "texture": "#2"},
				"south": {"uv": [0.6875, 12.25, 0.6875, 12.6875], "texture": "#2"},
				"west": {"uv": [8.875, 9, 9.375, 9.4375], "texture": "#2"},
				"up": {"uv": [0.75, 12.75, 0.75, 12.25], "texture": "#2"},
				"down": {"uv": [0.8125, 12.25, 0.8125, 12.75], "texture": "#2"}
			}
		},
		{
			"from": [4.5, -4.58015, 11.52347],
			"to": [11.5, 2.41985, 11.52347],
			"rotation": {"angle": -22.5, "axis": "x", "origin": [8, 3.19148, 12.67152]},
			"faces": {
				"north": {"uv": [9.5, 1, 9.9375, 1.4375], "texture": "#2"},
				"east": {"uv": [0.875, 12.25, 0.875, 12.6875], "texture": "#2"},
				"south": {"uv": [1.375, 9.5, 1.8125, 9.9375], "texture": "#2"},
				"west": {"uv": [0.9375, 12.25, 0.9375, 12.6875], "texture": "#2"},
				"up": {"uv": [9.1875, 9.5, 8.75, 9.5], "texture": "#2"},
				"down": {"uv": [11.8125, 9.5625, 11.375, 9.5625], "texture": "#2"}
			}
		},
		{
			"from": [4.5, 10.36236, 4.39133],
			"to": [11.5, 10.36236, 12.39133],
			"rotation": {"angle": -22.5, "axis": "x", "origin": [8, 11.76236, 8.39133]},
			"faces": {
				"north": {"uv": [11.4375, 9.375, 11.875, 9.375], "texture": "#2"},
				"east": {"uv": [11.5625, 10.875, 12.0625, 10.875], "texture": "#2"},
				"south": {"uv": [12, 8.5625, 12.4375, 8.5625], "texture": "#2"},
				"west": {"uv": [12.0625, 2.8125, 12.5625, 2.8125], "texture": "#2"},
				"up": {"uv": [7.6875, 9.625, 7.25, 9.125], "texture": "#2"},
				"down": {"uv": [8.1875, 9.125, 7.75, 9.625], "texture": "#2"}
			}
		},
		{
			"from": [4.5, 9.93863, 7.80708],
			"to": [11.5, 9.93863, 15.80708],
			"rotation": {"angle": -22.5, "axis": "x", "origin": [8, 9.03863, 12.90708]},
			"faces": {
				"north": {"uv": [12.0625, 2.875, 12.5, 2.875], "texture": "#2"},
				"east": {"uv": [12.0625, 4.625, 12.5625, 4.625], "texture": "#2"},
				"south": {"uv": [12.0625, 4.6875, 12.5, 4.6875], "texture": "#2"},
				"west": {"uv": [12.0625, 8.25, 12.5625, 8.25], "texture": "#2"},
				"up": {"uv": [8.6875, 9.625, 8.25, 9.125], "texture": "#2"},
				"down": {"uv": [3.5, 9.3125, 3.0625, 9.8125], "texture": "#2"}
			}
		},
		{
			"from": [4.45, 2.53963, 3.83208],
			"to": [7.45, 9.53963, 3.83208],
			"rotation": {"angle": 0, "axis": "y", "origin": [7.95, 7.68963, 7.9383]},
			"faces": {
				"north": {"uv": [6.9375, 11, 7.125, 11.4375], "texture": "#2"},
				"east": {"uv": [1, 12.25, 1, 12.6875], "texture": "#2"},
				"south": {"uv": [8.125, 11, 8.3125, 11.4375], "texture": "#2"},
				"west": {"uv": [1.0625, 12.25, 1.0625, 12.6875], "texture": "#2"},
				"up": {"uv": [3, 9.8125, 2.8125, 9.8125], "texture": "#2"},
				"down": {"uv": [6.0625, 9.875, 5.875, 9.875], "texture": "#2"}
			}
		},
		{
			"from": [5.25, 3.33963, 3.73208],
			"to": [6.25, 7.03963, 3.73208],
			"rotation": {"angle": 0, "axis": "y", "origin": [7.95, 7.68963, 7.9383]},
			"faces": {
				"north": {"uv": [7.25, 8.75, 7.3125, 9], "texture": "#2"},
				"east": {"uv": [8.9375, 4.9375, 8.9375, 5.1875], "texture": "#2"},
				"south": {"uv": [8.75, 9.125, 8.8125, 9.375], "texture": "#2"},
				"west": {"uv": [2.5625, 10.75, 2.5625, 11], "texture": "#2"},
				"up": {"uv": [7.3125, 9.0625, 7.25, 9.0625], "texture": "#2"},
				"down": {"uv": [8.8125, 9.4375, 8.75, 9.4375], "texture": "#2"}
			}
		},
		{
			"from": [9.75, 3.33963, 3.73208],
			"to": [10.75, 7.03963, 3.73208],
			"rotation": {"angle": 0, "axis": "y", "origin": [8.05, 7.68963, 7.9383]},
			"faces": {
				"north": {"uv": [7.125, 9.375, 7.1875, 9.625], "texture": "#2"},
				"east": {"uv": [2.1875, 10.8125, 2.1875, 11.0625], "texture": "#2"},
				"south": {"uv": [2.25, 10.25, 2.3125, 10.5], "texture": "#2"},
				"west": {"uv": [5.5625, 10.8125, 5.5625, 11.0625], "texture": "#2"},
				"up": {"uv": [9.3125, 9.5, 9.25, 9.5], "texture": "#2"},
				"down": {"uv": [2.6875, 10, 2.625, 10], "texture": "#2"}
			}
		},
		{
			"from": [4.45, 2.53963, 3.83208],
			"to": [4.45, 9.53963, 6.83208],
			"rotation": {"angle": 0, "axis": "y", "origin": [8, 7.68963, 8.0133]},
			"faces": {
				"north": {"uv": [1.125, 12.25, 1.125, 12.6875], "texture": "#2"},
				"east": {"uv": [9.75, 11.0625, 9.9375, 11.5], "texture": "#2"},
				"south": {"uv": [1.1875, 12.25, 1.1875, 12.6875], "texture": "#2"},
				"west": {"uv": [10.8125, 11.0625, 11, 11.5], "texture": "#2"},
				"up": {"uv": [10.6875, 4.25, 10.6875, 4.0625], "texture": "#2"},
				"down": {"uv": [10.6875, 4.6875, 10.6875, 4.875], "texture": "#2"}
			}
		},
		{
			"from": [11.55, 2.53963, 3.83208],
			"to": [11.55, 9.53963, 6.83208],
			"rotation": {"angle": 0, "axis": "y", "origin": [8, 7.68963, 8.0133]},
			"faces": {
				"north": {"uv": [1.25, 12.25, 1.25, 12.6875], "texture": "#2"},
				"east": {"uv": [11.0625, 11.0625, 11.25, 11.5], "texture": "#2"},
				"south": {"uv": [1.625, 12.25, 1.625, 12.6875], "texture": "#2"},
				"west": {"uv": [1.4375, 11.125, 1.625, 11.5625], "texture": "#2"},
				"up": {"uv": [10.75, 4.25, 10.75, 4.0625], "texture": "#2"},
				"down": {"uv": [8.375, 11, 8.375, 11.1875], "texture": "#2"}
			}
		},
		{
			"from": [8.55, 2.53963, 3.83208],
			"to": [11.55, 9.53963, 3.83208],
			"rotation": {"angle": 0, "axis": "y", "origin": [8.05, 7.68963, 7.9383]},
			"faces": {
				"north": {"uv": [2.5625, 11.125, 2.75, 11.5625], "texture": "#2"},
				"east": {"uv": [12.25, 1.625, 12.25, 2.0625], "texture": "#2"},
				"south": {"uv": [2.8125, 11.125, 3, 11.5625], "texture": "#2"},
				"west": {"uv": [1.6875, 12.25, 1.6875, 12.6875], "texture": "#2"},
				"up": {"uv": [5.8125, 10.25, 5.625, 10.25], "texture": "#2"},
				"down": {"uv": [10.75, 9.375, 10.5625, 9.375], "texture": "#2"}
			}
		},
		{
			"from": [3.85223, 4.88737, 7.02307],
			"to": [6.85223, 8.88737, 14.02307],
			"rotation": {"angle": -22.5, "axis": "y", "origin": [5.73491, 5.68737, 11.44695]},
			"faces": {
				"north": {"uv": [2.8125, 9.5, 3, 9.75], "texture": "#2"},
				"east": {"uv": [8.125, 10.3125, 8.5625, 10.5625], "texture": "#2"},
				"south": {"uv": [5.875, 9.5625, 6.0625, 9.8125], "texture": "#2"},
				"west": {"uv": [8.625, 10.3125, 9.0625, 10.5625], "texture": "#2"},
				"up": {"uv": [3.25, 11.5625, 3.0625, 11.125], "texture": "#2"},
				"down": {"uv": [3.5, 11.125, 3.3125, 11.5625], "texture": "#2"}
			}
		},
		{
			"from": [3.9072, 7.99473, 11.04148],
			"to": [6.5072, 10.59473, 16.64148],
			"rotation": {"angle": -45, "axis": "x", "origin": [6.4072, 9.00183, 15.6628]},
			"faces": {
				"north": {"uv": [0.25, 12.0625, 0.4375, 12.25], "texture": "#2"},
				"east": {"uv": [11.125, 9.8125, 11.5, 10], "texture": "#2"},
				"south": {"uv": [1.3125, 12.0625, 1.5, 12.25], "texture": "#2"},
				"west": {"uv": [0.3125, 11.5, 0.6875, 11.6875], "texture": "#2"},
				"up": {"uv": [11.6875, 2, 11.5, 1.625], "texture": "#2"},
				"down": {"uv": [2.25, 11.5, 2.0625, 11.875], "texture": "#2"}
			}
		},
		{
			"from": [3.10841, 9.83555, 14.64591],
			"to": [3.10841, 15.83555, 17.24591],
			"rotation": {"angle": 22.5, "axis": "z", "origin": [5.34626, 15.66235, 17.09663]},
			"faces": {
				"north": {"uv": [1.75, 12.25, 1.75, 12.625], "texture": "#2"},
				"east": {"uv": [11.5, 2.0625, 11.6875, 2.4375], "texture": "#2"},
				"south": {"uv": [1.8125, 12.25, 1.8125, 12.625], "texture": "#2"},
				"west": {"uv": [2.3125, 11.5, 2.5, 11.875], "texture": "#2"},
				"up": {"uv": [8.4375, 11.1875, 8.4375, 11], "texture": "#2"},
				"down": {"uv": [9.625, 11.1875, 9.625, 11.375], "texture": "#2"}
			}
		},
		{
			"from": [1.52085, 9.83555, 15.84735],
			"to": [4.12085, 15.83555, 15.84735],
			"rotation": {"angle": 22.5, "axis": "z", "origin": [5.34626, 15.66235, 17.09663]},
			"faces": {
				"north": {"uv": [11.5, 3.25, 11.6875, 3.625], "texture": "#2"},
				"east": {"uv": [2.25, 12.25, 2.25, 12.625], "texture": "#2"},
				"south": {"uv": [3.5625, 11.5, 3.75, 11.875], "texture": "#2"},
				"west": {"uv": [2.3125, 12.25, 2.3125, 12.625], "texture": "#2"},
				"up": {"uv": [10.875, 2.9375, 10.6875, 2.9375], "texture": "#2"},
				"down": {"uv": [7.75, 11.125, 7.5625, 11.125], "texture": "#2"}
			}
		},
		{
			"from": [9.14777, 4.88737, 7.02307],
			"to": [12.14777, 8.88737, 14.02307],
			"rotation": {"angle": 22.5, "axis": "y", "origin": [10.26509, 5.68737, 11.44695]},
			"faces": {
				"north": {"uv": [3, 9.5, 2.8125, 9.75], "texture": "#2"},
				"east": {"uv": [9.0625, 10.3125, 8.625, 10.5625], "texture": "#2"},
				"south": {"uv": [6.0625, 9.5625, 5.875, 9.8125], "texture": "#2"},
				"west": {"uv": [8.5625, 10.3125, 8.125, 10.5625], "texture": "#2"},
				"up": {"uv": [3.0625, 11.5625, 3.25, 11.125], "texture": "#2"},
				"down": {"uv": [3.3125, 11.125, 3.5, 11.5625], "texture": "#2"}
			}
		},
		{
			"from": [9.4928, 7.99473, 11.04148],
			"to": [12.0928, 10.59473, 16.64148],
			"rotation": {"angle": -45, "axis": "x", "origin": [9.5928, 9.00183, 15.6628]},
			"faces": {
				"north": {"uv": [0.4375, 12.0625, 0.25, 12.25], "texture": "#2"},
				"east": {"uv": [0.6875, 11.5, 0.3125, 11.6875], "texture": "#2"},
				"south": {"uv": [1.5, 12.0625, 1.3125, 12.25], "texture": "#2"},
				"west": {"uv": [11.5, 9.8125, 11.125, 10], "texture": "#2"},
				"up": {"uv": [11.5, 2, 11.6875, 1.625], "texture": "#2"},
				"down": {"uv": [2.0625, 11.5, 2.25, 11.875], "texture": "#2"}
			}
		},
		{
			"from": [12.89159, 9.83555, 14.64591],
			"to": [12.89159, 15.83555, 17.24591],
			"rotation": {"angle": -22.5, "axis": "z", "origin": [10.65374, 15.66235, 17.09663]},
			"faces": {
				"north": {"uv": [1.75, 12.25, 1.75, 12.625], "texture": "#2"},
				"east": {"uv": [2.5, 11.5, 2.3125, 11.875], "texture": "#2"},
				"south": {"uv": [1.8125, 12.25, 1.8125, 12.625], "texture": "#2"},
				"west": {"uv": [11.6875, 2.0625, 11.5, 2.4375], "texture": "#2"},
				"up": {"uv": [8.4375, 11.1875, 8.4375, 11], "texture": "#2"},
				"down": {"uv": [9.625, 11.1875, 9.625, 11.375], "texture": "#2"}
			}
		},
		{
			"from": [11.87915, 9.83555, 15.84735],
			"to": [14.47915, 15.83555, 15.84735],
			"rotation": {"angle": -22.5, "axis": "z", "origin": [10.65374, 15.66235, 17.09663]},
			"faces": {
				"north": {"uv": [11.6875, 3.25, 11.5, 3.625], "texture": "#2"},
				"east": {"uv": [2.3125, 12.25, 2.3125, 12.625], "texture": "#2"},
				"south": {"uv": [3.75, 11.5, 3.5625, 11.875], "texture": "#2"},
				"west": {"uv": [2.25, 12.25, 2.25, 12.625], "texture": "#2"},
				"up": {"uv": [10.6875, 2.9375, 10.875, 2.9375], "texture": "#2"},
				"down": {"uv": [7.5625, 11.125, 7.75, 11.125], "texture": "#2"}
			}
		},
		{
			"from": [6, 3.77322, -0.94591],
			"to": [10, 6.77322, 5.05409],
			"rotation": {"angle": 0, "axis": "y", "origin": [7.5, 7.27322, 2.55409]},
			"faces": {
				"north": {"uv": [11.625, 3.9375, 11.875, 4.125], "texture": "#2"},
				"east": {"uv": [11.5625, 0, 11.9375, 0.1875], "texture": "#2"},
				"south": {"uv": [11.625, 4.1875, 11.875, 4.375], "texture": "#2"},
				"west": {"uv": [11.5625, 0.25, 11.9375, 0.4375], "texture": "#2"},
				"up": {"uv": [10.0625, 11, 9.8125, 10.625], "texture": "#2"},
				"down": {"uv": [10.9375, 1.9375, 10.6875, 2.3125], "texture": "#2"}
			}
		},
		{
			"from": [6, 2.77322, -0.94591],
			"to": [10, 3.77322, -0.94591],
			"rotation": {"angle": 0, "axis": "y", "origin": [7.5, 7.27322, 2.55409]},
			"faces": {
				"north": {"uv": [8.25, 7.75, 8.5, 7.8125], "texture": "#2"},
				"east": {"uv": [2.75, 10, 2.75, 10.0625], "texture": "#2"},
				"south": {"uv": [8.5625, 7.75, 8.8125, 7.8125], "texture": "#2"},
				"west": {"uv": [5.3125, 10.0625, 5.3125, 10.125], "texture": "#2"},
				"up": {"uv": [11.8125, 0.5, 11.5625, 0.5], "texture": "#2"},
				"down": {"uv": [11.875, 5.625, 11.625, 5.625], "texture": "#2"}
			}
		},
		{
			"from": [6.5, 2.34934, 0.23677],
			"to": [9.5, 4.34934, 6.23677],
			"rotation": {"angle": 0, "axis": "y", "origin": [6, 6.49934, 3.54299]},
			"faces": {
				"north": {"uv": [11.25, 3.25, 11.4375, 3.375], "texture": "#2"},
				"east": {"uv": [9, 7.5625, 9.375, 7.6875], "texture": "#2"},
				"south": {"uv": [6.375, 11.25, 6.5625, 11.375], "texture": "#2"},
				"west": {"uv": [11.5, 2.5, 11.875, 2.625], "texture": "#2"},
				"up": {"uv": [10.1875, 11.875, 10, 11.5], "texture": "#2"},
				"down": {"uv": [1.3125, 11.5625, 1.125, 11.9375], "texture": "#2"}
			}
		},
		{
			"from": [6.3, 1.8777, -0.01128],
			"to": [6.3, 4.8777, 5.98872],
			"rotation": {"angle": -22.5, "axis": "x", "origin": [6.3, 5.34934, 3.23677]},
			"faces": {
				"north": {"uv": [2.125, 11.25, 2.125, 11.4375], "texture": "#2"},
				"east": {"uv": [5.625, 11.5625, 6, 11.75], "texture": "#2"},
				"south": {"uv": [5.0625, 11.375, 5.0625, 11.5625], "texture": "#2"},
				"west": {"uv": [8.1875, 11.5625, 8.5625, 11.75], "texture": "#2"},
				"up": {"uv": [2.9375, 12.625, 2.9375, 12.25], "texture": "#2"},
				"down": {"uv": [3, 12.25, 3, 12.625], "texture": "#2"}
			}
		},
		{
			"from": [9.7, 1.8777, -0.01128],
			"to": [9.7, 4.8777, 5.98872],
			"rotation": {"angle": -22.5, "axis": "x", "origin": [9.7, 5.34934, 3.23677]},
			"faces": {
				"north": {"uv": [10.25, 11.5, 10.25, 11.6875], "texture": "#2"},
				"east": {"uv": [11.5625, 9.8125, 11.9375, 10], "texture": "#2"},
				"south": {"uv": [1.9375, 11.5625, 1.9375, 11.75], "texture": "#2"},
				"west": {"uv": [11.5625, 10.3125, 11.9375, 10.5], "texture": "#2"},
				"up": {"uv": [3.375, 12.625, 3.375, 12.25], "texture": "#2"},
				"down": {"uv": [3.4375, 12.25, 3.4375, 12.625], "texture": "#2"}
			}
		}
	],
	"display": {
		"thirdperson_righthand": {
			"rotation": [51.75, -18.94, 1.82],
			"scale": [0.6, 0.6, 0.6]
		},
		"thirdperson_lefthand": {
			"rotation": [51.75, -18.94, 1.82],
			"scale": [0.6, 0.6, 0.6]
		},
		"firstperson_righthand": {
			"rotation": [0, 24, -17.25],
			"translation": [3, 0, 0.75],
			"scale": [0.8, 0.8, 0.8]
		},
		"firstperson_lefthand": {
			"rotation": [0, 24, -17.25],
			"translation": [3, 0, 0.75],
			"scale": [0.8, 0.8, 0.8]
		},
		"gui": {
			"rotation": [-172.74, 52.95, 177.31],
			"translation": [0, 0.5, 0],
			"scale": [0.8, 0.8, 0.8]
		},
		"head": {
			"rotation": [24.75, 0, 0],
			"translation": [0, 2, 4.75],
			"scale": [2.3, 2.3, 2.3]
		}
	},
	"groups": [
		{
			"name": "h_head",
			"origin": [8, 4.97911, 8.47707],
			"rotation": [-34, 0, 0],
			"color": 0,
			"children": [
				0,
				1,
				2,
				3,
				4,
				5,
				6,
				7,
				8,
				9,
				10,
				11,
				12,
				13,
				{
					"name": "h_horn_left",
					"origin": [4.5, 10.26785, 9.75049],
					"rotation": [-29.96286, -42.80547, 16.59004],
					"color": 0,
					"children": [14, 15, 16, 17]
				},
				{
					"name": "h_horn_left",
					"origin": [4.5, 10.26785, 9.75049],
					"rotation": [-29.96286, -42.80547, 16.59004],
					"color": 0,
					"children": [18, 19, 20, 21]
				},
				22,
				23,
				24,
				25,
				26
			]
		}
	]
}