{
	"credit": "Made with Blockbench",
	"parent": "nocsy_drakonin_head3",
	"texture_size": [256, 256],
	"textures": {
		"2": "nocsy/nocsy_drakonin3"
	},
	"elements": [
		{
			"from": [4.18603, -0.40454, 0.57032],
			"to": [4.18603, 3.59546, 8.57032],
			"rotation": {"angle": -22.5, "axis": "z", "origin": [3.78603, 2.69546, 4.57032]},
			"faces": {
				"north": {"uv": [7.8125, 9.0625, 7.8125, 9.3125], "texture": "#2"},
				"east": {"uv": [8.3125, 7.6875, 8.8125, 7.9375], "texture": "#2"},
				"south": {"uv": [0, 10.375, 0, 10.625], "texture": "#2"},
				"west": {"uv": [0.25, 8.375, 0.75, 8.625], "texture": "#2"},
				"up": {"uv": [0.0625, 10.875, 0.0625, 10.375], "texture": "#2"},
				"down": {"uv": [0.125, 10.375, 0.125, 10.875], "texture": "#2"}
			}
		},
		{
			"from": [11.81397, -0.40454, 0.57032],
			"to": [11.81397, 3.59546, 8.57032],
			"rotation": {"angle": 22.5, "axis": "z", "origin": [12.21397, 2.69546, 4.57032]},
			"faces": {
				"north": {"uv": [0.1875, 10.375, 0.1875, 10.625], "texture": "#2"},
				"east": {"uv": [0.8125, 8.375, 1.3125, 8.625], "texture": "#2"},
				"south": {"uv": [10.375, 0.5, 10.375, 0.75], "texture": "#2"},
				"west": {"uv": [1.375, 8.375, 1.875, 8.625], "texture": "#2"},
				"up": {"uv": [3.875, 10.875, 3.875, 10.375], "texture": "#2"},
				"down": {"uv": [3.9375, 10.375, 3.9375, 10.875], "texture": "#2"}
			}
		},
		{
			"from": [4.5, 3.37388, 0.57032],
			"to": [11.5, 10.37388, 10.57032],
			"rotation": {"angle": 0, "axis": "y", "origin": [8, 6.02388, 4.67654]},
			"faces": {
				"north": {"uv": [7.8125, 0.5, 8.25, 0.9375], "texture": "#2"},
				"east": {"uv": [5, 6.8125, 5.625, 7.25], "texture": "#2"},
				"south": {"uv": [7.8125, 1, 8.25, 1.4375], "texture": "#2"},
				"west": {"uv": [5.6875, 6.8125, 6.3125, 7.25], "texture": "#2"},
				"up": {"uv": [7.3125, 4.9375, 6.875, 4.3125], "texture": "#2"},
				"down": {"uv": [7.375, 2, 6.9375, 2.625], "texture": "#2"}
			}
		},
		{
			"from": [4.45, 3.87388, 0.49532],
			"to": [7.45, 10.87388, 0.49532],
			"rotation": {"angle": 0, "axis": "y", "origin": [7.95, 6.02388, 4.60154]},
			"faces": {
				"north": {"uv": [0.25, 9.4375, 0.4375, 9.875], "texture": "#2"},
				"east": {"uv": [5.625, 10.375, 5.625, 10.8125], "texture": "#2"},
				"south": {"uv": [9.4375, 0.3125, 9.625, 0.75], "texture": "#2"},
				"west": {"uv": [5.6875, 10.375, 5.6875, 10.8125], "texture": "#2"},
				"up": {"uv": [6.5625, 4.3125, 6.375, 4.3125], "texture": "#2"},
				"down": {"uv": [6.8125, 4.3125, 6.625, 4.3125], "texture": "#2"}
			}
		},
		{
			"from": [5.25, 3.57388, 0.39532],
			"to": [5.75, 8.97388, 0.39532],
			"rotation": {"angle": 0, "axis": "y", "origin": [7.95, 6.02388, 4.60154]},
			"faces": {
				"north": {"uv": [7.0625, 0.5625, 7.125, 0.8125], "texture": "#2"},
				"east": {"uv": [10.375, 2.375, 10.375, 2.625], "texture": "#2"},
				"south": {"uv": [7.875, 8.5, 7.9375, 8.75], "texture": "#2"},
				"west": {"uv": [5.75, 10.375, 5.75, 10.625], "texture": "#2"},
				"up": {"uv": [7, 5.5625, 6.9375, 5.5625], "texture": "#2"},
				"down": {"uv": [7, 5.625, 6.9375, 5.625], "texture": "#2"}
			}
		},
		{
			"from": [10.25, 3.57388, 0.39532],
			"to": [10.75, 8.97388, 0.39532],
			"rotation": {"angle": 0, "axis": "y", "origin": [8.05, 6.02388, 4.60154]},
			"faces": {
				"north": {"uv": [7.125, 0.5625, 7.0625, 0.8125], "texture": "#2"},
				"east": {"uv": [5.75, 10.375, 5.75, 10.625], "texture": "#2"},
				"south": {"uv": [7.9375, 8.5, 7.875, 8.75], "texture": "#2"},
				"west": {"uv": [10.375, 2.375, 10.375, 2.625], "texture": "#2"},
				"up": {"uv": [6.9375, 5.5625, 7, 5.5625], "texture": "#2"},
				"down": {"uv": [6.9375, 5.625, 7, 5.625], "texture": "#2"}
			}
		},
		{
			"from": [4.45, 3.87388, 0.49532],
			"to": [4.45, 10.87388, 3.49532],
			"rotation": {"angle": 0, "axis": "y", "origin": [8, 6.02388, 4.67654]},
			"faces": {
				"north": {"uv": [5.9375, 10.375, 5.9375, 10.8125], "texture": "#2"},
				"east": {"uv": [0.5, 9.4375, 0.6875, 9.875], "texture": "#2"},
				"south": {"uv": [6, 10.375, 6, 10.8125], "texture": "#2"},
				"west": {"uv": [0.75, 9.4375, 0.9375, 9.875], "texture": "#2"},
				"up": {"uv": [1.875, 8.875, 1.875, 8.6875], "texture": "#2"},
				"down": {"uv": [8.8125, 2.375, 8.8125, 2.5625], "texture": "#2"}
			}
		},
		{
			"from": [11.55, 3.87388, 0.49532],
			"to": [11.55, 10.87388, 3.49532],
			"rotation": {"angle": 0, "axis": "y", "origin": [8, 6.02388, 4.67654]},
			"faces": {
				"north": {"uv": [6.0625, 10.375, 6.0625, 10.8125], "texture": "#2"},
				"east": {"uv": [9.4375, 0.8125, 9.625, 1.25], "texture": "#2"},
				"south": {"uv": [6.125, 10.375, 6.125, 10.8125], "texture": "#2"},
				"west": {"uv": [1, 9.4375, 1.1875, 9.875], "texture": "#2"},
				"up": {"uv": [9.8125, 7.875, 9.8125, 7.6875], "texture": "#2"},
				"down": {"uv": [7.9375, 9.875, 7.9375, 10.0625], "texture": "#2"}
			}
		},
		{
			"from": [8.55, 3.87388, 0.49532],
			"to": [11.55, 10.87388, 0.49532],
			"rotation": {"angle": 0, "axis": "y", "origin": [8.05, 6.02388, 4.60154]},
			"faces": {
				"north": {"uv": [1.25, 9.4375, 1.4375, 9.875], "texture": "#2"},
				"east": {"uv": [10.375, 6.125, 10.375, 6.5625], "texture": "#2"},
				"south": {"uv": [1.5, 9.4375, 1.6875, 9.875], "texture": "#2"},
				"west": {"uv": [6.1875, 10.375, 6.1875, 10.8125], "texture": "#2"},
				"up": {"uv": [7.375, 7, 7.1875, 7], "texture": "#2"},
				"down": {"uv": [7.75, 0.5, 7.5625, 0.5], "texture": "#2"}
			}
		},
		{
			"from": [8, 7.97388, -2.12968],
			"to": [8, 20.97388, 11.87032],
			"rotation": {"angle": 0, "axis": "y", "origin": [8, 14.87388, 6.07032]},
			"faces": {
				"north": {"uv": [7.9375, 10.375, 7.9375, 11.1875], "texture": "#2"},
				"east": {"uv": [5.25, 5.25, 6.125, 6.0625], "texture": "#2"},
				"south": {"uv": [8, 10.375, 8, 11.1875], "texture": "#2"},
				"west": {"uv": [5.5, 0, 6.375, 0.8125], "texture": "#2"},
				"up": {"uv": [8.0625, 11.25, 8.0625, 10.375], "texture": "#2"},
				"down": {"uv": [8.125, 10.375, 8.125, 11.25], "texture": "#2"}
			}
		},
		{
			"from": [6.2, -1.22612, -4.82968],
			"to": [6.2, 5.77388, 4.17032],
			"rotation": {"angle": 0, "axis": "y", "origin": [8, 2.27388, -0.32968]},
			"faces": {
				"north": {"uv": [8.1875, 10.375, 8.1875, 10.8125], "texture": "#2"},
				"east": {"uv": [6.9375, 3.8125, 7.5, 4.25], "texture": "#2"},
				"south": {"uv": [8.25, 10.375, 8.25, 10.8125], "texture": "#2"},
				"west": {"uv": [7.1875, 0.5625, 7.75, 1], "texture": "#2"},
				"up": {"uv": [8.3125, 10.9375, 8.3125, 10.375], "texture": "#2"},
				"down": {"uv": [8.375, 10.375, 8.375, 10.9375], "texture": "#2"}
			}
		},
		{
			"from": [9.8, -1.22612, -4.82968],
			"to": [9.8, 5.77388, 4.17032],
			"rotation": {"angle": 0, "axis": "y", "origin": [8, 2.27388, -0.32968]},
			"faces": {
				"north": {"uv": [8.4375, 10.375, 8.4375, 10.8125], "texture": "#2"},
				"east": {"uv": [7.1875, 1.0625, 7.75, 1.5], "texture": "#2"},
				"south": {"uv": [8.5, 10.375, 8.5, 10.8125], "texture": "#2"},
				"west": {"uv": [7.1875, 5.5625, 7.75, 6], "texture": "#2"},
				"up": {"uv": [8.5625, 10.9375, 8.5625, 10.375], "texture": "#2"},
				"down": {"uv": [8.625, 10.375, 8.625, 10.9375], "texture": "#2"}
			}
		},
		{
			"from": [5.1, 9.17388, 3.37032],
			"to": [5.1, 18.17388, 14.37032],
			"rotation": {"angle": -22.5, "axis": "y", "origin": [8, 13.67388, 7.47032]},
			"faces": {
				"north": {"uv": [8.6875, 10.375, 8.6875, 10.9375], "texture": "#2"},
				"east": {"uv": [6.1875, 5.0625, 6.875, 5.625], "texture": "#2"},
				"south": {"uv": [10.375, 8.6875, 10.375, 9.25], "texture": "#2"},
				"west": {"uv": [2.75, 6.3125, 3.4375, 6.875], "texture": "#2"},
				"up": {"uv": [8.75, 11.0625, 8.75, 10.375], "texture": "#2"},
				"down": {"uv": [8.8125, 10.375, 8.8125, 11.0625], "texture": "#2"}
			}
		},
		{
			"from": [10.9, 9.17388, 3.37032],
			"to": [10.9, 18.17388, 14.37032],
			"rotation": {"angle": 22.5, "axis": "y", "origin": [8, 13.67388, 7.47032]},
			"faces": {
				"north": {"uv": [8.875, 10.375, 8.875, 10.9375], "texture": "#2"},
				"east": {"uv": [3.5, 6.3125, 4.1875, 6.875], "texture": "#2"},
				"south": {"uv": [9.25, 10.375, 9.25, 10.9375], "texture": "#2"},
				"west": {"uv": [4.25, 6.3125, 4.9375, 6.875], "texture": "#2"},
				"up": {"uv": [9.3125, 11.0625, 9.3125, 10.375], "texture": "#2"},
				"down": {"uv": [10.375, 9.3125, 10.375, 10], "texture": "#2"}
			}
		},
		{
			"from": [6, 5.10747, -3.28267],
			"to": [10, 8.10747, 1.71733],
			"rotation": {"angle": 0, "axis": "y", "origin": [8, 6.60747, -0.78267]},
			"faces": {
				"north": {"uv": [9.9375, 0, 10.1875, 0.1875], "texture": "#2"},
				"east": {"uv": [9.8125, 8.4375, 10.125, 8.625], "texture": "#2"},
				"south": {"uv": [0.25, 9.9375, 0.5, 10.125], "texture": "#2"},
				"west": {"uv": [9.875, 5.0625, 10.1875, 5.25], "texture": "#2"},
				"up": {"uv": [9.625, 7.4375, 9.375, 7.125], "texture": "#2"},
				"down": {"uv": [4, 9.4375, 3.75, 9.75], "texture": "#2"}
			}
		},
		{
			"from": [6.5, 3.68359, -2.59999],
			"to": [9.5, 5.68359, 2.40001],
			"rotation": {"angle": 0, "axis": "y", "origin": [6, 4.83359, 0.20623]},
			"faces": {
				"north": {"uv": [5.875, 5.0625, 6.0625, 5.1875], "texture": "#2"},
				"east": {"uv": [5.5, 5.0625, 5.8125, 5.1875], "texture": "#2"},
				"south": {"uv": [6.8125, 0.6875, 7, 0.8125], "texture": "#2"},
				"west": {"uv": [6.4375, 0.6875, 6.75, 0.8125], "texture": "#2"},
				"up": {"uv": [4.9375, 7.8125, 4.75, 7.5], "texture": "#2"},
				"down": {"uv": [6, 8.5625, 5.8125, 8.875], "texture": "#2"}
			}
		},
		{
			"from": [6.5, 1.68359, -2.09999],
			"to": [9.5, 5.68359, -2.09999],
			"rotation": {"angle": 0, "axis": "y", "origin": [6, 4.83359, 0.20623]},
			"faces": {
				"north": {"uv": [9.9375, 0.25, 10.125, 0.5], "texture": "#2"},
				"east": {"uv": [9.6875, 10.375, 9.6875, 10.625], "texture": "#2"},
				"south": {"uv": [0.5625, 9.9375, 0.75, 10.1875], "texture": "#2"},
				"west": {"uv": [9.75, 10.375, 9.75, 10.625], "texture": "#2"},
				"up": {"uv": [8.125, 4.75, 7.9375, 4.75], "texture": "#2"},
				"down": {"uv": [8.1875, 3.125, 8, 3.125], "texture": "#2"}
			}
		}
	],
	"display": {
		"thirdperson_righthand": {
			"rotation": [51.75, -18.94, 1.82],
			"scale": [0.6, 0.6, 0.6]
		},
		"thirdperson_lefthand": {
			"rotation": [51.75, -18.94, 1.82],
			"scale": [0.6, 0.6, 0.6]
		},
		"firstperson_righthand": {
			"rotation": [0, 24, -17.25],
			"translation": [3, 0, 0.75],
			"scale": [0.8, 0.8, 0.8]
		},
		"firstperson_lefthand": {
			"rotation": [0, 24, -17.25],
			"translation": [3, 0, 0.75],
			"scale": [0.8, 0.8, 0.8]
		},
		"gui": {
			"rotation": [-172.74, 52.95, 177.31],
			"translation": [2.75, -0.75, 0],
			"scale": [0.9, 0.9, 0.9]
		},
		"head": {
			"rotation": [24.75, 0, 0],
			"translation": [0, 4, 8],
			"scale": [2.3, 2.3, 2.3]
		}
	},
	"groups": [
		{
			"name": "h_head",
			"origin": [7.5, 3.31336, 5.14031],
			"rotation": [-25, 0, 0],
			"color": 0,
			"children": [0, 1, 2, 3, 4, 5, 6, 7, 8, 9, 10, 11, 12, 13, 14, 15, 16]
		}
	]
}