{
	"credit": "Made with Blockbench",
	"parent": "nocsy_drakonin_baby_head5",
	"texture_size": [256, 256],
	"textures": {
		"2": "nocsy/nocsy_drakonin_baby5"
	},
	"elements": [
		{
			"from": [5.5, 5.16701, 7.45011],
			"to": [10.5, 10.16701, 12.45011],
			"rotation": {"angle": 0, "axis": "y", "origin": [7.47, 7.3674, 9.99511]},
			"faces": {
				"north": {"uv": [4.625, 6, 4, 6.625], "texture": "#2"},
				"east": {"uv": [6.625, 5.25, 6, 5.875], "texture": "#2"},
				"south": {"uv": [5.375, 6, 4.75, 6.625], "texture": "#2"},
				"west": {"uv": [6.625, 4.5, 6, 5.125], "texture": "#2"},
				"up": {"uv": [5.5, 6.625, 6.125, 6], "texture": "#2"},
				"down": {"uv": [6.25, 0, 6.875, 0.625], "texture": "#2"}
			}
		},
		{
			"from": [10.5735, 5.86701, 7.22111],
			"to": [10.5735, 9.66701, 8.22111],
			"rotation": {"angle": 0, "axis": "y", "origin": [8, 7.5674, 9.99511]},
			"faces": {
				"north": {"uv": [6.5, 11, 6.5, 11.5], "texture": "#2"},
				"east": {"uv": [2.5, 10.75, 2.375, 11.25], "texture": "#2"},
				"south": {"uv": [3.25, 11.125, 3.25, 11.625], "texture": "#2"},
				"west": {"uv": [2.25, 10.75, 2.125, 11.25], "texture": "#2"},
				"up": {"uv": [3.625, 7.25, 3.625, 7.125], "texture": "#2"},
				"down": {"uv": [1.75, 7.25, 1.75, 7.375], "texture": "#2"}
			}
		},
		{
			"from": [8.2745, 6.26701, 7.19611],
			"to": [10.2745, 8.26701, 7.19611],
			"rotation": {"angle": 0, "axis": "y", "origin": [11.33611, 7.5674, 9.687]},
			"faces": {
				"north": {"uv": [3.25, 10.75, 3, 11], "texture": "#2"},
				"east": {"uv": [8.25, 4.25, 8.25, 4.5], "texture": "#2"},
				"south": {"uv": [4, 10.75, 3.75, 11], "texture": "#2"},
				"west": {"uv": [3.5, 8.125, 3.5, 8.375], "texture": "#2"},
				"up": {"uv": [1.875, 7, 2.125, 7], "texture": "#2"},
				"down": {"uv": [7.875, 1, 8.125, 1], "texture": "#2"}
			}
		},
		{
			"from": [8.1745, 5.86701, 7.22111],
			"to": [10.5745, 9.66701, 7.22111],
			"rotation": {"angle": 0, "axis": "y", "origin": [10.73611, 7.5674, 9.687]},
			"faces": {
				"north": {"uv": [0.375, 7.625, 0, 8.125], "texture": "#2"},
				"east": {"uv": [11.25, 4.875, 11.25, 5.375], "texture": "#2"},
				"south": {"uv": [0, 7.625, 0.375, 8.125], "texture": "#2"},
				"west": {"uv": [4.75, 11.125, 4.75, 11.625], "texture": "#2"},
				"up": {"uv": [8.25, 1, 8.625, 1], "texture": "#2"},
				"down": {"uv": [8.75, 5.5, 9.125, 5.5], "texture": "#2"}
			}
		},
		{
			"from": [5.6245, 8.04201, 7.92111],
			"to": [10.6245, 12.04201, 7.92111],
			"rotation": {"angle": 22.5, "axis": "x", "origin": [9.425, 10.36701, 8.37111]},
			"faces": {
				"north": {"uv": [0.625, 11.875, 0, 12.375], "texture": "#2"},
				"east": {"uv": [11.25, 4.875, 11.25, 5.375], "texture": "#2"},
				"south": {"uv": [0, 11.875, 0.625, 12.375], "texture": "#2"},
				"west": {"uv": [4.75, 11.125, 4.75, 11.625], "texture": "#2"},
				"up": {"uv": [8.25, 1, 8.625, 1], "texture": "#2"},
				"down": {"uv": [8.75, 5.5, 9.125, 5.5], "texture": "#2"}
			}
		},
		{
			"from": [10.6255, 8.04201, 7.92111],
			"to": [10.6255, 12.04201, 12.92111],
			"rotation": {"angle": 22.5, "axis": "x", "origin": [9.425, 10.36701, 8.37111]},
			"faces": {
				"north": {"uv": [11.25, 4.875, 11.25, 5.375], "texture": "#2"},
				"east": {"uv": [0, 11.875, 0.625, 12.375], "texture": "#2"},
				"south": {"uv": [4.75, 11.125, 4.75, 11.625], "texture": "#2"},
				"west": {"uv": [0.625, 11.875, 0, 12.375], "texture": "#2"},
				"up": {"uv": [8.625, 1, 8.25, 1], "rotation": 90, "texture": "#2"},
				"down": {"uv": [9.125, 5.5, 8.75, 5.5], "rotation": 270, "texture": "#2"}
			}
		},
		{
			"from": [8.6255, 8.04201, 7.92111],
			"to": [8.6255, 12.04201, 12.92111],
			"rotation": {"angle": 22.5, "axis": "x", "origin": [9.425, 10.36701, 8.37111]},
			"faces": {
				"north": {"uv": [11.25, 4.875, 11.25, 5.375], "texture": "#2"},
				"east": {"uv": [0, 11.875, 0.625, 12.375], "texture": "#2"},
				"south": {"uv": [4.75, 11.125, 4.75, 11.625], "texture": "#2"},
				"west": {"uv": [0.625, 11.875, 0, 12.375], "texture": "#2"},
				"up": {"uv": [8.625, 1, 8.25, 1], "rotation": 90, "texture": "#2"},
				"down": {"uv": [9.125, 5.5, 8.75, 5.5], "rotation": 270, "texture": "#2"}
			}
		},
		{
			"from": [7.3745, 8.04201, 7.92111],
			"to": [7.3745, 12.04201, 12.92111],
			"rotation": {"angle": 22.5, "axis": "x", "origin": [6.575, 10.36701, 8.37111]},
			"faces": {
				"north": {"uv": [11.25, 4.875, 11.25, 5.375], "texture": "#2"},
				"east": {"uv": [0, 11.875, 0.625, 12.375], "texture": "#2"},
				"south": {"uv": [4.75, 11.125, 4.75, 11.625], "texture": "#2"},
				"west": {"uv": [0.625, 11.875, 0, 12.375], "texture": "#2"},
				"up": {"uv": [8.625, 1, 8.25, 1], "rotation": 90, "texture": "#2"},
				"down": {"uv": [9.125, 5.5, 8.75, 5.5], "rotation": 270, "texture": "#2"}
			}
		},
		{
			"from": [5.3755, 8.04201, 7.92111],
			"to": [10.3755, 12.04201, 7.92111],
			"rotation": {"angle": 22.5, "axis": "x", "origin": [6.575, 10.36701, 8.37111]},
			"faces": {
				"north": {"uv": [0, 11.875, 0.625, 12.375], "texture": "#2"},
				"east": {"uv": [4.75, 11.125, 4.75, 11.625], "texture": "#2"},
				"south": {"uv": [0.625, 11.875, 0, 12.375], "texture": "#2"},
				"west": {"uv": [11.25, 4.875, 11.25, 5.375], "texture": "#2"},
				"up": {"uv": [8.625, 1, 8.25, 1], "texture": "#2"},
				"down": {"uv": [9.125, 5.5, 8.75, 5.5], "texture": "#2"}
			}
		},
		{
			"from": [5.3745, 8.04201, 7.92111],
			"to": [5.3745, 12.04201, 12.92111],
			"rotation": {"angle": 22.5, "axis": "x", "origin": [6.575, 10.36701, 8.37111]},
			"faces": {
				"north": {"uv": [11.25, 4.875, 11.25, 5.375], "texture": "#2"},
				"east": {"uv": [0, 11.875, 0.625, 12.375], "texture": "#2"},
				"south": {"uv": [4.75, 11.125, 4.75, 11.625], "texture": "#2"},
				"west": {"uv": [0.625, 11.875, 0, 12.375], "texture": "#2"},
				"up": {"uv": [8.625, 1, 8.25, 1], "rotation": 90, "texture": "#2"},
				"down": {"uv": [9.125, 5.5, 8.75, 5.5], "rotation": 270, "texture": "#2"}
			}
		},
		{
			"from": [5.4255, 5.86701, 7.22111],
			"to": [7.8255, 9.66701, 7.22111],
			"rotation": {"angle": 0, "axis": "y", "origin": [5.26389, 7.5674, 9.687]},
			"faces": {
				"north": {"uv": [0, 7.625, 0.375, 8.125], "texture": "#2"},
				"east": {"uv": [4.75, 11.125, 4.75, 11.625], "texture": "#2"},
				"south": {"uv": [0.375, 7.625, 0, 8.125], "texture": "#2"},
				"west": {"uv": [11.25, 4.875, 11.25, 5.375], "texture": "#2"},
				"up": {"uv": [8.625, 1, 8.25, 1], "texture": "#2"},
				"down": {"uv": [9.125, 5.5, 8.75, 5.5], "texture": "#2"}
			}
		},
		{
			"from": [9.8745, 7.84201, 7.17111],
			"to": [10.1745, 8.14201, 7.17111],
			"rotation": {"angle": 0, "axis": "y", "origin": [11.33611, 7.5674, 9.687]},
			"faces": {
				"north": {"uv": [8, 6.875, 7.875, 7], "texture": "#2"},
				"east": {"uv": [7.625, 4.625, 7.625, 4.75], "texture": "#2"},
				"south": {"uv": [2.125, 8.25, 2, 8.375], "texture": "#2"},
				"west": {"uv": [6.75, 7.25, 6.75, 7.375], "texture": "#2"},
				"up": {"uv": [2.25, 7, 2.375, 7], "texture": "#2"},
				"down": {"uv": [4.125, 7.375, 4.25, 7.375], "texture": "#2"}
			}
		},
		{
			"from": [6.2255, 7.84201, 7.17111],
			"to": [6.5255, 8.14201, 7.17111],
			"rotation": {"angle": 0, "axis": "y", "origin": [4.66389, 7.5674, 9.687]},
			"faces": {
				"north": {"uv": [8.625, 9.5, 8.5, 9.625], "texture": "#2"},
				"east": {"uv": [2.5, 7.875, 2.5, 8], "texture": "#2"},
				"south": {"uv": [9.75, 6.5, 9.625, 6.625], "texture": "#2"},
				"west": {"uv": [7.75, 5.75, 7.75, 5.875], "texture": "#2"},
				"up": {"uv": [5.125, 7.5, 5.25, 7.5], "texture": "#2"},
				"down": {"uv": [7.625, 0.625, 7.75, 0.625], "texture": "#2"}
			}
		},
		{
			"from": [5.7255, 6.26701, 7.19611],
			"to": [7.7255, 8.26701, 7.19611],
			"rotation": {"angle": 0, "axis": "y", "origin": [4.66389, 7.5674, 9.687]},
			"faces": {
				"north": {"uv": [4.375, 10.75, 4.125, 11], "texture": "#2"},
				"east": {"uv": [9.25, 1.625, 9.25, 1.875], "texture": "#2"},
				"south": {"uv": [4.75, 10.75, 4.5, 11], "texture": "#2"},
				"west": {"uv": [3.375, 9.125, 3.375, 9.375], "texture": "#2"},
				"up": {"uv": [8.25, 5.625, 8.5, 5.625], "texture": "#2"},
				"down": {"uv": [9, 5, 9.25, 5], "texture": "#2"}
			}
		},
		{
			"from": [5.4265, 5.96701, 7.22111],
			"to": [5.4265, 9.76701, 8.22111],
			"rotation": {"angle": 0, "axis": "y", "origin": [8, 7.6674, 9.99511]},
			"faces": {
				"north": {"uv": [5.375, 11.25, 5.375, 11.75], "texture": "#2"},
				"east": {"uv": [8.625, 10.75, 8.5, 11.25], "texture": "#2"},
				"south": {"uv": [6.625, 11.25, 6.625, 11.75], "texture": "#2"},
				"west": {"uv": [5, 10.75, 4.875, 11.25], "texture": "#2"},
				"up": {"uv": [8.125, 7, 8.125, 6.875], "texture": "#2"},
				"down": {"uv": [6.625, 8.375, 6.625, 8.5], "texture": "#2"}
			}
		},
		{
			"from": [5.36413, 6.87199, 10.56027],
			"to": [7.76413, 9.27199, 14.96027],
			"rotation": {"angle": -22.5, "axis": "x", "origin": [7.26674, 8.83945, 8.98779]},
			"faces": {
				"north": {"uv": [10.75, 10.125, 11, 10.375], "texture": "#2"},
				"east": {"uv": [8.75, 0.875, 9.25, 1.125], "texture": "#2"},
				"south": {"uv": [0.75, 10.875, 1, 11.125], "texture": "#2"},
				"west": {"uv": [1.25, 8.75, 1.75, 9], "texture": "#2"},
				"up": {"uv": [7.5, 9.125, 7.25, 8.625], "texture": "#2"},
				"down": {"uv": [9, 2, 8.75, 2.5], "texture": "#2"}
			}
		},
		{
			"from": [5.22134, 6.68899, 10.6888],
			"to": [7.22134, 8.68899, 14.6888],
			"rotation": {"angle": 0, "axis": "x", "origin": [7.26674, 8.83945, 8.98779]},
			"faces": {
				"north": {"uv": [10.875, 1.875, 11.125, 2.125], "texture": "#2"},
				"east": {"uv": [8.75, 1.25, 9.25, 1.5], "texture": "#2"},
				"south": {"uv": [10.875, 3.75, 11.125, 4], "texture": "#2"},
				"west": {"uv": [8.75, 2.625, 9.25, 2.875], "texture": "#2"},
				"up": {"uv": [9, 3.5, 8.75, 3], "texture": "#2"},
				"down": {"uv": [9, 3.625, 8.75, 4.125], "texture": "#2"}
			}
		},
		{
			"from": [6.21214, 7.80705, 5.47496],
			"to": [8.01214, 9.60705, 9.27496],
			"rotation": {"angle": 45, "axis": "x", "origin": [7.26674, 8.83945, 8.98779]},
			"faces": {
				"north": {"uv": [11.125, 4.375, 10.875, 4.125], "rotation": 180, "texture": "#2"},
				"east": {"uv": [9, 7.25, 8.75, 6.75], "rotation": 270, "texture": "#2"},
				"south": {"uv": [11.125, 4.875, 10.875, 5.125], "texture": "#2"},
				"west": {"uv": [9, 8.5, 8.75, 8], "rotation": 90, "texture": "#2"},
				"up": {"uv": [8.75, 7.375, 9, 7.875], "texture": "#2"},
				"down": {"uv": [5.5, 8.75, 5.75, 9.25], "rotation": 180, "texture": "#2"}
			}
		},
		{
			"from": [10.23587, 6.87199, 10.56027],
			"to": [12.63587, 9.27199, 14.96027],
			"rotation": {"angle": -22.5, "axis": "x", "origin": [8.73326, 8.83945, 8.98779]},
			"faces": {
				"north": {"uv": [11, 10.125, 10.75, 10.375], "texture": "#2"},
				"east": {"uv": [1.75, 8.75, 1.25, 9], "texture": "#2"},
				"south": {"uv": [1, 10.875, 0.75, 11.125], "texture": "#2"},
				"west": {"uv": [9.25, 0.875, 8.75, 1.125], "texture": "#2"},
				"up": {"uv": [7.25, 9.125, 7.5, 8.625], "texture": "#2"},
				"down": {"uv": [8.75, 2, 9, 2.5], "texture": "#2"}
			}
		},
		{
			"from": [10.77866, 6.68899, 10.6888],
			"to": [12.77866, 8.68899, 14.6888],
			"rotation": {"angle": 0, "axis": "x", "origin": [8.73326, 8.83945, 8.98779]},
			"faces": {
				"north": {"uv": [11.125, 1.875, 10.875, 2.125], "texture": "#2"},
				"east": {"uv": [9.25, 2.625, 8.75, 2.875], "texture": "#2"},
				"south": {"uv": [11.125, 3.75, 10.875, 4], "texture": "#2"},
				"west": {"uv": [9.25, 1.25, 8.75, 1.5], "texture": "#2"},
				"up": {"uv": [8.75, 3.5, 9, 3], "texture": "#2"},
				"down": {"uv": [8.75, 3.625, 9, 4.125], "texture": "#2"}
			}
		},
		{
			"from": [9.28786, 7.80705, 5.47496],
			"to": [11.08786, 9.60705, 9.27496],
			"rotation": {"angle": 45, "axis": "x", "origin": [8.73326, 8.83945, 8.98779]},
			"faces": {
				"north": {"uv": [10.875, 4.375, 11.125, 4.125], "rotation": 180, "texture": "#2"},
				"east": {"uv": [9, 8, 8.75, 8.5], "rotation": 90, "texture": "#2"},
				"south": {"uv": [10.875, 4.875, 11.125, 5.125], "texture": "#2"},
				"west": {"uv": [9, 6.75, 8.75, 7.25], "rotation": 270, "texture": "#2"},
				"up": {"uv": [9, 7.375, 8.75, 7.875], "texture": "#2"},
				"down": {"uv": [5.75, 8.75, 5.5, 9.25], "rotation": 180, "texture": "#2"}
			}
		},
		{
			"from": [6.4, 5.83163, 5.04312],
			"to": [9.6, 8.03163, 8.24312],
			"rotation": {"angle": 0, "axis": "y", "origin": [8, 6.87186, 6.51495]},
			"faces": {
				"north": {"uv": [2, 9.625, 1.625, 9.875], "texture": "#2"},
				"east": {"uv": [10, 4.625, 9.625, 4.875], "texture": "#2"},
				"south": {"uv": [3.75, 9.625, 3.375, 9.875], "texture": "#2"},
				"west": {"uv": [2.5, 9.625, 2.125, 9.875], "texture": "#2"},
				"up": {"uv": [1.5, 8.625, 1.875, 8.25], "texture": "#2"},
				"down": {"uv": [8.25, 5.125, 8.625, 5.5], "texture": "#2"}
			}
		},
		{
			"from": [6, 5.08917, 4.7562],
			"to": [10, 6.08917, 8.7562],
			"rotation": {"angle": 0, "axis": "y", "origin": [8, 6.24664, 6.62133]},
			"faces": {
				"north": {"uv": [11.375, 6.75, 10.875, 6.875], "texture": "#2"},
				"east": {"uv": [11.375, 8.125, 10.875, 8.25], "texture": "#2"},
				"south": {"uv": [11.375, 7.875, 10.875, 8], "texture": "#2"},
				"west": {"uv": [11.375, 7.625, 10.875, 7.75], "texture": "#2"},
				"up": {"uv": [1.875, 6.875, 2.375, 6.375], "texture": "#2"},
				"down": {"uv": [2.5, 6.5, 3, 7], "texture": "#2"}
			}
		},
		{
			"from": [6.01, 4.84774, 4.81131],
			"to": [9.99, 5.82774, 7.79131],
			"rotation": {"angle": -22.5, "axis": "x", "origin": [8, 5.35007, 6.66043]},
			"faces": {
				"north": {"uv": [11.375, 8.375, 10.875, 8.5], "texture": "#2"},
				"east": {"uv": [6.625, 4.25, 6.25, 4.375], "texture": "#2"},
				"south": {"uv": [11.375, 9, 10.875, 9.125], "texture": "#2"},
				"west": {"uv": [4.375, 5.75, 4, 5.875], "texture": "#2"},
				"up": {"uv": [5.125, 8, 5.625, 7.625], "texture": "#2"},
				"down": {"uv": [7.75, 4.625, 8.25, 5], "texture": "#2"}
			}
		},
		{
			"from": [10, 6.08917, 4.7562],
			"to": [10, 8.08917, 8.7562],
			"rotation": {"angle": 0, "axis": "y", "origin": [8, 6.24664, 6.62133]},
			"faces": {
				"north": {"uv": [7.5, 9.875, 7.5, 10.125], "texture": "#2"},
				"east": {"uv": [7.125, 9, 6.625, 9.25], "texture": "#2"},
				"south": {"uv": [9.75, 10.25, 9.75, 10.5], "texture": "#2"},
				"west": {"uv": [6.625, 9, 7.125, 9.25], "texture": "#2"},
				"up": {"uv": [6.75, 11.75, 6.75, 11.25], "texture": "#2"},
				"down": {"uv": [6.875, 11.25, 6.875, 11.75], "texture": "#2"}
			}
		},
		{
			"from": [6, 6.08917, 4.7562],
			"to": [6, 8.08917, 8.7562],
			"rotation": {"angle": 0, "axis": "y", "origin": [8, 6.24664, 6.62133]},
			"faces": {
				"north": {"uv": [6.125, 10.625, 6.125, 10.875], "texture": "#2"},
				"east": {"uv": [8.75, 9, 9.25, 9.25], "texture": "#2"},
				"south": {"uv": [11.25, 4, 11.25, 4.25], "texture": "#2"},
				"west": {"uv": [9.25, 9, 8.75, 9.25], "texture": "#2"},
				"up": {"uv": [7, 11.75, 7, 11.25], "texture": "#2"},
				"down": {"uv": [7.125, 11.25, 7.125, 11.75], "texture": "#2"}
			}
		},
		{
			"from": [6, 6.08917, 4.7562],
			"to": [10, 8.08917, 4.7562],
			"rotation": {"angle": 0, "axis": "y", "origin": [8, 6.24664, 6.62133]},
			"faces": {
				"north": {"uv": [9.625, 0.375, 9.125, 0.625], "texture": "#2"},
				"east": {"uv": [11.25, 6.375, 11.25, 6.625], "texture": "#2"},
				"south": {"uv": [9.125, 0.375, 9.625, 0.625], "texture": "#2"},
				"west": {"uv": [11.25, 5.5, 11.25, 5.75], "texture": "#2"},
				"up": {"uv": [11.125, 8.875, 11.625, 8.875], "texture": "#2"},
				"down": {"uv": [11.25, 2.125, 11.75, 2.125], "texture": "#2"}
			}
		},
		{
			"from": [9.6, 4.52151, 7.09484],
			"to": [10.8, 6.72151, 10.29484],
			"rotation": {"angle": 22.5, "axis": "x", "origin": [10, 5.53061, 8.5865]},
			"faces": {
				"north": {"uv": [6.375, 11, 6.25, 11.25], "texture": "#2"},
				"east": {"uv": [10, 5.75, 9.625, 6], "texture": "#2"},
				"south": {"uv": [0.5, 11.125, 0.375, 11.375], "texture": "#2"},
				"west": {"uv": [10, 5.375, 9.625, 5.625], "texture": "#2"},
				"up": {"uv": [6, 7.125, 6.125, 6.75], "texture": "#2"},
				"down": {"uv": [1.625, 9.125, 1.75, 9.5], "texture": "#2"}
			}
		},
		{
			"from": [5.2, 4.52151, 7.09484],
			"to": [6.4, 6.72151, 10.29484],
			"rotation": {"angle": 22.5, "axis": "x", "origin": [6, 5.53061, 8.5865]},
			"faces": {
				"north": {"uv": [3.125, 11.125, 3, 11.375], "texture": "#2"},
				"east": {"uv": [10.125, 0.375, 9.75, 0.625], "texture": "#2"},
				"south": {"uv": [0.75, 11.25, 0.625, 11.5], "texture": "#2"},
				"west": {"uv": [10, 6.125, 9.625, 6.375], "texture": "#2"},
				"up": {"uv": [7, 9.75, 7.125, 9.375], "texture": "#2"},
				"down": {"uv": [8.75, 10.75, 8.875, 11.125], "texture": "#2"}
			}
		}
	],
	"display": {
		"thirdperson_righthand": {
			"rotation": [51.75, -18.94, 1.82],
			"scale": [0.6, 0.6, 0.6]
		},
		"thirdperson_lefthand": {
			"rotation": [51.75, -18.94, 1.82],
			"scale": [0.6, 0.6, 0.6]
		},
		"firstperson_righthand": {
			"rotation": [0, 24, -17.25],
			"translation": [3, 0, 0.75],
			"scale": [0.8, 0.8, 0.8]
		},
		"firstperson_lefthand": {
			"rotation": [0, 24, -17.25],
			"translation": [3, 0, 0.75],
			"scale": [0.8, 0.8, 0.8]
		},
		"gui": {
			"rotation": [-172.74, 52.95, 177.31],
			"translation": [-2, -0.5, 0],
			"scale": [1.4, 1.4, 1.4]
		},
		"head": {
			"rotation": [24.75, 0, 0],
			"translation": [0, 2, 4.75],
			"scale": [2.3, 2.3, 2.3]
		}
	},
	"groups": [
		{
			"name": "h_head",
			"origin": [-8, 5.7953, 10.2641],
			"rotation": [-24, 0, 0],
			"color": 0,
			"children": [
				0,
				1,
				2,
				3,
				4,
				5,
				6,
				7,
				8,
				9,
				10,
				11,
				12,
				13,
				14,
				{
					"name": "h_horn_left",
					"origin": [-9.924, 9.44278, 10.17868],
					"rotation": [-33.1769, -36.6543, 12.2389],
					"color": 0,
					"children": [15, 16, 17]
				},
				{
					"name": "h_horn_left",
					"origin": [-9.924, 9.44278, 10.17868],
					"rotation": [-33.1769, -36.6543, 12.2389],
					"color": 0,
					"children": [18, 19, 20]
				},
				21,
				{
					"name": "h_machoire",
					"origin": [-8, 5.84664, 8.62133],
					"rotation": [-7.5, 0, 0],
					"color": 0,
					"children": [22, 23, 24, 25, 26, 27, 28]
				}
			]
		}
	]
}