{
	"credit": "Made with Blockbench",
	"parent": "nocsy_drakonin_baby_head6",
	"texture_size": [256, 256],
	"textures": {
		"1": "nocsy/nocsy_drakonin_baby6"
	},
	"elements": [
		{
			"from": [5.5, 4.23566, 4.92939],
			"to": [10.5, 9.23566, 9.92939],
			"rotation": {"angle": 0, "axis": "y", "origin": [8.53, 6.43606, 7.4744]},
			"faces": {
				"north": {"uv": [6.5, 3.75, 7.125, 4.375], "texture": "#1"},
				"east": {"uv": [2.25, 6.625, 2.875, 7.25], "texture": "#1"},
				"south": {"uv": [3, 6.625, 3.625, 7.25], "texture": "#1"},
				"west": {"uv": [6.75, 4.5, 7.375, 5.125], "texture": "#1"},
				"up": {"uv": [7.375, 5.875, 6.75, 5.25], "texture": "#1"},
				"down": {"uv": [4.375, 6.875, 3.75, 7.5], "texture": "#1"}
			}
		},
		{
			"from": [5.401, 7.33566, 3.92939],
			"to": [5.401, 9.33566, 6.92939],
			"rotation": {"angle": 22.5, "axis": "x", "origin": [5.6505, 8.33566, 4.87939]},
			"faces": {
				"north": {"uv": [7.375, 4.5, 6.75, 5.125], "texture": "#1"},
				"east": {"uv": [11.5, 3.75, 11.125, 4], "texture": "#1"},
				"south": {"uv": [2.875, 6.625, 2.25, 7.25], "texture": "#1"},
				"west": {"uv": [11.125, 3.75, 11.5, 4], "texture": "#1"},
				"up": {"uv": [7.375, 5.25, 6.75, 5.875], "rotation": 90, "texture": "#1"},
				"down": {"uv": [4.375, 7.5, 3.75, 6.875], "rotation": 270, "texture": "#1"}
			}
		},
		{
			"from": [7.401, 7.33566, 3.92939],
			"to": [7.401, 9.33566, 6.92939],
			"rotation": {"angle": 22.5, "axis": "x", "origin": [5.6505, 8.33566, 4.87939]},
			"faces": {
				"north": {"uv": [7.375, 4.5, 6.75, 5.125], "texture": "#1"},
				"east": {"uv": [11.5, 3.75, 11.125, 4], "texture": "#1"},
				"south": {"uv": [2.875, 6.625, 2.25, 7.25], "texture": "#1"},
				"west": {"uv": [11.125, 3.75, 11.5, 4], "texture": "#1"},
				"up": {"uv": [7.375, 5.25, 6.75, 5.875], "rotation": 90, "texture": "#1"},
				"down": {"uv": [4.375, 7.5, 3.75, 6.875], "rotation": 270, "texture": "#1"}
			}
		},
		{
			"from": [8.599, 7.33566, 3.92939],
			"to": [8.599, 9.33566, 6.92939],
			"rotation": {"angle": 22.5, "axis": "x", "origin": [10.3495, 8.33566, 4.87939]},
			"faces": {
				"north": {"uv": [6.75, 4.5, 7.375, 5.125], "texture": "#1"},
				"east": {"uv": [11.5, 3.75, 11.125, 4], "texture": "#1"},
				"south": {"uv": [2.25, 6.625, 2.875, 7.25], "texture": "#1"},
				"west": {"uv": [11.125, 3.75, 11.5, 4], "texture": "#1"},
				"up": {"uv": [7.375, 5.875, 6.75, 5.25], "rotation": 90, "texture": "#1"},
				"down": {"uv": [4.375, 6.875, 3.75, 7.5], "rotation": 270, "texture": "#1"}
			}
		},
		{
			"from": [4.4, 7.33566, 4.92939],
			"to": [7.4, 9.33566, 4.92939],
			"rotation": {"angle": 22.5, "axis": "x", "origin": [5.6505, 8.33566, 4.87939]},
			"faces": {
				"north": {"uv": [11.5, 3.75, 11.125, 4], "texture": "#1"},
				"east": {"uv": [7.375, 4.5, 6.75, 5.125], "texture": "#1"},
				"south": {"uv": [11.125, 3.75, 11.5, 4], "texture": "#1"},
				"west": {"uv": [2.875, 6.625, 2.25, 7.25], "texture": "#1"},
				"up": {"uv": [6.75, 5.875, 7.375, 5.25], "texture": "#1"},
				"down": {"uv": [3.75, 6.875, 4.375, 7.5], "texture": "#1"}
			}
		},
		{
			"from": [8.6, 7.33566, 4.92939],
			"to": [11.6, 9.33566, 4.92939],
			"rotation": {"angle": 22.5, "axis": "x", "origin": [10.3495, 8.33566, 4.87939]},
			"faces": {
				"north": {"uv": [11.125, 3.75, 11.5, 4], "texture": "#1"},
				"east": {"uv": [2.25, 6.625, 2.875, 7.25], "texture": "#1"},
				"south": {"uv": [11.5, 3.75, 11.125, 4], "texture": "#1"},
				"west": {"uv": [6.75, 4.5, 7.375, 5.125], "texture": "#1"},
				"up": {"uv": [7.375, 5.875, 6.75, 5.25], "texture": "#1"},
				"down": {"uv": [4.375, 6.875, 3.75, 7.5], "texture": "#1"}
			}
		},
		{
			"from": [10.599, 7.33566, 3.92939],
			"to": [10.599, 9.33566, 6.92939],
			"rotation": {"angle": 22.5, "axis": "x", "origin": [10.3495, 8.33566, 4.87939]},
			"faces": {
				"north": {"uv": [6.75, 4.5, 7.375, 5.125], "texture": "#1"},
				"east": {"uv": [11.5, 3.75, 11.125, 4], "texture": "#1"},
				"south": {"uv": [2.25, 6.625, 2.875, 7.25], "texture": "#1"},
				"west": {"uv": [11.125, 3.75, 11.5, 4], "texture": "#1"},
				"up": {"uv": [7.375, 5.875, 6.75, 5.25], "rotation": 90, "texture": "#1"},
				"down": {"uv": [4.375, 6.875, 3.75, 7.5], "rotation": 270, "texture": "#1"}
			}
		},
		{
			"from": [8, 8.93566, 4.92939],
			"to": [8, 13.93566, 11.92939],
			"rotation": {"angle": 0, "axis": "y", "origin": [8, 11.43566, 8.42939]},
			"faces": {
				"north": {"uv": [1.375, 10.25, 1.375, 10.875], "texture": "#1"},
				"east": {"uv": [6.375, 0.75, 5.5, 1.375], "texture": "#1"},
				"south": {"uv": [7.625, 10.25, 7.625, 10.875], "texture": "#1"},
				"west": {"uv": [5.5, 0.75, 6.375, 1.375], "texture": "#1"},
				"up": {"uv": [7.75, 11.125, 7.75, 10.25], "texture": "#1"},
				"down": {"uv": [5.75, 10.5, 5.75, 11.375], "texture": "#1"}
			}
		},
		{
			"from": [6, 7.93566, 6.02939],
			"to": [6, 12.93566, 13.02939],
			"rotation": {"angle": -22.5, "axis": "y", "origin": [8, 11.43566, 8.42939]},
			"faces": {
				"north": {"uv": [7.875, 10.5, 7.875, 11.125], "texture": "#1"},
				"east": {"uv": [6.375, 2.25, 5.5, 2.875], "texture": "#1"},
				"south": {"uv": [8, 10.5, 8, 11.125], "texture": "#1"},
				"west": {"uv": [5.5, 2.25, 6.375, 2.875], "texture": "#1"},
				"up": {"uv": [10.5, 8.875, 10.5, 8], "texture": "#1"},
				"down": {"uv": [8.125, 10.5, 8.125, 11.375], "texture": "#1"}
			}
		},
		{
			"from": [10, 7.93566, 6.02939],
			"to": [10, 12.93566, 13.02939],
			"rotation": {"angle": 22.5, "axis": "y", "origin": [8, 11.43566, 8.42939]},
			"faces": {
				"north": {"uv": [7.875, 10.5, 7.875, 11.125], "texture": "#1"},
				"east": {"uv": [6.375, 2.25, 5.5, 2.875], "texture": "#1"},
				"south": {"uv": [8, 10.5, 8, 11.125], "texture": "#1"},
				"west": {"uv": [5.5, 2.25, 6.375, 2.875], "texture": "#1"},
				"up": {"uv": [10.5, 8.875, 10.5, 8], "texture": "#1"},
				"down": {"uv": [8.125, 10.5, 8.125, 11.375], "texture": "#1"}
			}
		},
		{
			"from": [5.4265, 4.93566, 4.70039],
			"to": [5.4265, 8.53566, 5.70039],
			"rotation": {"angle": 0, "axis": "y", "origin": [8, 6.63606, 7.4744]},
			"faces": {
				"north": {"uv": [9, 10.5, 9, 11], "texture": "#1"},
				"east": {"uv": [2.125, 10.25, 2.25, 10.75], "texture": "#1"},
				"south": {"uv": [9.125, 10.5, 9.125, 11], "texture": "#1"},
				"west": {"uv": [2.375, 10.25, 2.5, 10.75], "texture": "#1"},
				"up": {"uv": [5.375, 7, 5.375, 6.875], "texture": "#1"},
				"down": {"uv": [2.125, 7.125, 2.125, 7.25], "texture": "#1"}
			}
		},
		{
			"from": [5.9255, 5.33566, 4.67539],
			"to": [7.0255, 7.33566, 4.67539],
			"rotation": {"angle": 0, "axis": "y", "origin": [4.66389, 6.63606, 7.16629]},
			"faces": {
				"north": {"uv": [6.75, 7.75, 6.875, 8], "texture": "#1"},
				"east": {"uv": [8.375, 9.75, 8.375, 10], "texture": "#1"},
				"south": {"uv": [8, 7.25, 8.125, 7.5], "texture": "#1"},
				"west": {"uv": [7.375, 9.875, 7.375, 10.125], "texture": "#1"},
				"up": {"uv": [5, 7.625, 4.875, 7.625], "texture": "#1"},
				"down": {"uv": [4.75, 8, 4.625, 8], "texture": "#1"}
			}
		},
		{
			"from": [5.4255, 4.93566, 4.70039],
			"to": [8.0255, 8.53566, 4.70039],
			"rotation": {"angle": 0, "axis": "y", "origin": [5.26389, 6.63606, 7.16629]},
			"faces": {
				"north": {"uv": [0, 8.125, 0.375, 8.625], "texture": "#1"},
				"east": {"uv": [9.25, 10.5, 9.25, 11], "texture": "#1"},
				"south": {"uv": [0.5, 8.125, 0.875, 8.625], "texture": "#1"},
				"west": {"uv": [9.375, 10.5, 9.375, 11], "texture": "#1"},
				"up": {"uv": [8.875, 4.875, 8.5, 4.875], "texture": "#1"},
				"down": {"uv": [5, 8.625, 4.625, 8.625], "texture": "#1"}
			}
		},
		{
			"from": [5.9255, 6.23566, 4.62539],
			"to": [6.6255, 7.23566, 4.62539],
			"rotation": {"angle": 0, "axis": "y", "origin": [5.26389, 6.63606, 7.16629]},
			"faces": {
				"north": {"uv": [4.375, 9.25, 4.5, 9.375], "texture": "#1"},
				"east": {"uv": [9.25, 10.5, 9.25, 11], "texture": "#1"},
				"south": {"uv": [0.5, 8.125, 0.875, 8.625], "texture": "#1"},
				"west": {"uv": [9.375, 10.5, 9.375, 11], "texture": "#1"},
				"up": {"uv": [8.875, 4.875, 8.5, 4.875], "texture": "#1"},
				"down": {"uv": [5, 8.625, 4.625, 8.625], "texture": "#1"}
			}
		},
		{
			"from": [5.9255, 6.23566, 4.62539],
			"to": [6.4255, 7.23566, 4.62539],
			"rotation": {"angle": 0, "axis": "y", "origin": [5.26389, 6.63606, 7.16629]},
			"faces": {
				"north": {"uv": [4.375, 9.25, 4.5, 9.375], "texture": "#1"},
				"east": {"uv": [9.25, 10.5, 9.25, 11], "texture": "#1"},
				"south": {"uv": [0.5, 8.125, 0.875, 8.625], "texture": "#1"},
				"west": {"uv": [9.375, 10.5, 9.375, 11], "texture": "#1"},
				"up": {"uv": [8.875, 4.875, 8.5, 4.875], "texture": "#1"},
				"down": {"uv": [5, 8.625, 4.625, 8.625], "texture": "#1"}
			}
		},
		{
			"from": [6.0255, 6.91066, 4.57539],
			"to": [6.3255, 7.21066, 4.57539],
			"rotation": {"angle": 0, "axis": "y", "origin": [4.66389, 6.63606, 7.16629]},
			"faces": {
				"north": {"uv": [1.875, 7.125, 2, 7.25], "texture": "#1"},
				"east": {"uv": [7.125, 8.75, 7.125, 8.875], "texture": "#1"},
				"south": {"uv": [7.25, 4.25, 7.375, 4.375], "texture": "#1"},
				"west": {"uv": [9, 8.25, 9, 8.375], "texture": "#1"},
				"up": {"uv": [8.5, 2.625, 8.375, 2.625], "texture": "#1"},
				"down": {"uv": [5.5, 8.75, 5.375, 8.75], "texture": "#1"}
			}
		},
		{
			"from": [9.4745, 6.91066, 4.57539],
			"to": [9.7745, 7.21066, 4.57539],
			"rotation": {"angle": 0, "axis": "y", "origin": [11.33611, 6.63606, 7.16629]},
			"faces": {
				"north": {"uv": [2, 7.125, 1.875, 7.25], "texture": "#1"},
				"east": {"uv": [9, 8.25, 9, 8.375], "texture": "#1"},
				"south": {"uv": [7.375, 4.25, 7.25, 4.375], "texture": "#1"},
				"west": {"uv": [7.125, 8.75, 7.125, 8.875], "texture": "#1"},
				"up": {"uv": [8.375, 2.625, 8.5, 2.625], "texture": "#1"},
				"down": {"uv": [5.375, 8.75, 5.5, 8.75], "texture": "#1"}
			}
		},
		{
			"from": [9.3745, 6.23566, 4.62539],
			"to": [10.0745, 7.23566, 4.62539],
			"rotation": {"angle": 0, "axis": "y", "origin": [10.73611, 6.63606, 7.16629]},
			"faces": {
				"north": {"uv": [4.5, 9.25, 4.375, 9.375], "texture": "#1"},
				"east": {"uv": [9.375, 10.5, 9.375, 11], "texture": "#1"},
				"south": {"uv": [0.875, 8.125, 0.5, 8.625], "texture": "#1"},
				"west": {"uv": [9.25, 10.5, 9.25, 11], "texture": "#1"},
				"up": {"uv": [8.5, 4.875, 8.875, 4.875], "texture": "#1"},
				"down": {"uv": [4.625, 8.625, 5, 8.625], "texture": "#1"}
			}
		},
		{
			"from": [8.9745, 5.33566, 4.67539],
			"to": [10.0745, 7.33566, 4.67539],
			"rotation": {"angle": 0, "axis": "y", "origin": [11.33611, 6.63606, 7.16629]},
			"faces": {
				"north": {"uv": [6.875, 9.125, 7, 9.375], "texture": "#1"},
				"east": {"uv": [5.375, 10.125, 5.375, 10.375], "texture": "#1"},
				"south": {"uv": [4.375, 9.25, 4.5, 9.5], "texture": "#1"},
				"west": {"uv": [9.5, 10.5, 9.5, 10.75], "texture": "#1"},
				"up": {"uv": [9.375, 7.625, 9.25, 7.625], "texture": "#1"},
				"down": {"uv": [9.625, 4.625, 9.5, 4.625], "texture": "#1"}
			}
		},
		{
			"from": [7.9745, 4.93566, 4.70039],
			"to": [10.5745, 8.53566, 4.70039],
			"rotation": {"angle": 0, "axis": "y", "origin": [10.73611, 6.63606, 7.16629]},
			"faces": {
				"north": {"uv": [1, 8.125, 1.375, 8.625], "texture": "#1"},
				"east": {"uv": [9.625, 10.5, 9.625, 11], "texture": "#1"},
				"south": {"uv": [1.5, 8.125, 1.875, 8.625], "texture": "#1"},
				"west": {"uv": [9.75, 10.5, 9.75, 11], "texture": "#1"},
				"up": {"uv": [10, 8.625, 9.625, 8.625], "texture": "#1"},
				"down": {"uv": [10.375, 1.75, 10, 1.75], "texture": "#1"}
			}
		},
		{
			"from": [10.5735, 4.93566, 4.70039],
			"to": [10.5735, 8.53566, 5.70039],
			"rotation": {"angle": 0, "axis": "y", "origin": [8, 6.63606, 7.4744]},
			"faces": {
				"north": {"uv": [9.875, 10.5, 9.875, 11], "texture": "#1"},
				"east": {"uv": [2.625, 10.25, 2.75, 10.75], "texture": "#1"},
				"south": {"uv": [10, 10.5, 10, 11], "texture": "#1"},
				"west": {"uv": [2.875, 10.25, 3, 10.75], "texture": "#1"},
				"up": {"uv": [10, 3, 10, 2.875], "texture": "#1"},
				"down": {"uv": [10.5, 9.5, 10.5, 9.625], "texture": "#1"}
			}
		},
		{
			"from": [5.18432, 6.48487, 5.83425],
			"to": [7.18432, 8.48487, 9.83425],
			"rotation": {"angle": -22.5, "axis": "y", "origin": [4.52134, 6.78487, 8.52308]},
			"faces": {
				"north": {"uv": [3.125, 10.25, 3.375, 10.5], "texture": "#1"},
				"east": {"uv": [9.375, 4.75, 9.875, 5], "texture": "#1"},
				"south": {"uv": [3.5, 10.25, 3.75, 10.5], "texture": "#1"},
				"west": {"uv": [5.125, 9.375, 5.625, 9.625], "texture": "#1"},
				"up": {"uv": [8.375, 9.625, 8.125, 9.125], "texture": "#1"},
				"down": {"uv": [6, 9.375, 5.75, 9.875], "texture": "#1"}
			}
		},
		{
			"from": [5.05052, 5.72051, 9.83334],
			"to": [7.05052, 7.72051, 11.83334],
			"rotation": {"angle": -22.5, "axis": "z", "origin": [8.637, 5.91052, 10.05417]},
			"faces": {
				"north": {"uv": [10.25, 3.5, 10.5, 3.75], "texture": "#1"},
				"east": {"uv": [9.375, 5.125, 9.875, 5.375], "texture": "#1"},
				"south": {"uv": [3.875, 10.25, 4.125, 10.5], "texture": "#1"},
				"west": {"uv": [9.375, 5.875, 9.875, 6.125], "texture": "#1"},
				"up": {"uv": [9.75, 2.375, 9.5, 1.875], "texture": "#1"},
				"down": {"uv": [9.75, 6.25, 9.5, 6.75], "texture": "#1"}
			}
		},
		{
			"from": [7.01499, 6.60154, 11.19198],
			"to": [7.01499, 9.30154, 15.19198],
			"rotation": {"angle": -22.5, "axis": "x", "origin": [7.68524, 8.0072, 13.16739]},
			"faces": {
				"north": {"uv": [10.125, 10.5, 10.125, 10.875], "texture": "#1"},
				"east": {"uv": [2, 8.125, 2.5, 8.5], "texture": "#1"},
				"south": {"uv": [10.25, 10.5, 10.25, 10.875], "texture": "#1"},
				"west": {"uv": [4.625, 8.125, 5.125, 8.5], "texture": "#1"},
				"up": {"uv": [10.375, 11, 10.375, 10.5], "texture": "#1"},
				"down": {"uv": [10.5, 10.5, 10.5, 11], "texture": "#1"}
			}
		},
		{
			"from": [5.55548, 7.92459, 11.03247],
			"to": [8.35548, 7.92459, 15.03247],
			"rotation": {"angle": -22.5, "axis": "x", "origin": [7.68524, 8.0072, 13.16739]},
			"faces": {
				"north": {"uv": [10.5, 9, 10.875, 9], "texture": "#1"},
				"east": {"uv": [0, 10.625, 0.5, 10.625], "texture": "#1"},
				"south": {"uv": [10.625, 0, 11, 0], "texture": "#1"},
				"west": {"uv": [10.625, 0.125, 11.125, 0.125], "texture": "#1"},
				"up": {"uv": [5.625, 8.625, 5.25, 8.125], "texture": "#1"},
				"down": {"uv": [7.125, 8.125, 6.75, 8.625], "texture": "#1"}
			}
		},
		{
			"from": [10.66343, 6.48487, 6.59962],
			"to": [12.66343, 8.48487, 10.59962],
			"rotation": {"angle": 22.5, "axis": "y", "origin": [11.47866, 6.78487, 8.52308]},
			"faces": {
				"north": {"uv": [3.375, 10.25, 3.125, 10.5], "texture": "#1"},
				"east": {"uv": [5.625, 9.375, 5.125, 9.625], "texture": "#1"},
				"south": {"uv": [3.75, 10.25, 3.5, 10.5], "texture": "#1"},
				"west": {"uv": [9.875, 4.75, 9.375, 5], "texture": "#1"},
				"up": {"uv": [8.125, 9.625, 8.375, 9.125], "texture": "#1"},
				"down": {"uv": [5.75, 9.375, 6, 9.875], "texture": "#1"}
			}
		},
		{
			"from": [10.79724, 4.95514, 9.83334],
			"to": [12.79724, 6.95514, 11.83334],
			"rotation": {"angle": 22.5, "axis": "z", "origin": [7.363, 5.91052, 10.05417]},
			"faces": {
				"north": {"uv": [10.5, 3.5, 10.25, 3.75], "texture": "#1"},
				"east": {"uv": [9.875, 5.875, 9.375, 6.125], "texture": "#1"},
				"south": {"uv": [4.125, 10.25, 3.875, 10.5], "texture": "#1"},
				"west": {"uv": [9.875, 5.125, 9.375, 5.375], "texture": "#1"},
				"up": {"uv": [9.5, 2.375, 9.75, 1.875], "texture": "#1"},
				"down": {"uv": [9.5, 6.25, 9.75, 6.75], "texture": "#1"}
			}
		},
		{
			"from": [10.98501, 6.60154, 11.19198],
			"to": [10.98501, 9.30154, 15.19198],
			"rotation": {"angle": -22.5, "axis": "x", "origin": [8.31476, 8.0072, 13.16739]},
			"faces": {
				"north": {"uv": [10.125, 10.5, 10.125, 10.875], "texture": "#1"},
				"east": {"uv": [5.125, 8.125, 4.625, 8.5], "texture": "#1"},
				"south": {"uv": [10.25, 10.5, 10.25, 10.875], "texture": "#1"},
				"west": {"uv": [2.5, 8.125, 2, 8.5], "texture": "#1"},
				"up": {"uv": [10.375, 11, 10.375, 10.5], "texture": "#1"},
				"down": {"uv": [10.5, 10.5, 10.5, 11], "texture": "#1"}
			}
		},
		{
			"from": [9.64452, 7.92459, 11.03247],
			"to": [12.44452, 7.92459, 15.03247],
			"rotation": {"angle": -22.5, "axis": "x", "origin": [8.31476, 8.0072, 13.16739]},
			"faces": {
				"north": {"uv": [10.875, 9, 10.5, 9], "texture": "#1"},
				"east": {"uv": [11.125, 0.125, 10.625, 0.125], "texture": "#1"},
				"south": {"uv": [11, 0, 10.625, 0], "texture": "#1"},
				"west": {"uv": [0.5, 10.625, 0, 10.625], "texture": "#1"},
				"up": {"uv": [5.25, 8.625, 5.625, 8.125], "texture": "#1"},
				"down": {"uv": [6.75, 8.125, 7.125, 8.625], "texture": "#1"}
			}
		},
		{
			"from": [6.6, 5.34115, 3.39466],
			"to": [9.4, 7.14115, 5.19466],
			"rotation": {"angle": -22.5, "axis": "x", "origin": [8, 6.54115, 4.09466]},
			"faces": {
				"north": {"uv": [7.875, 9.75, 8.25, 10], "texture": "#1"},
				"east": {"uv": [6.875, 10.25, 7.125, 10.5], "texture": "#1"},
				"south": {"uv": [9.875, 2.125, 10.25, 2.375], "texture": "#1"},
				"west": {"uv": [7.25, 10.25, 7.5, 10.5], "texture": "#1"},
				"up": {"uv": [10.25, 5.75, 9.875, 5.5], "texture": "#1"},
				"down": {"uv": [10.25, 6.25, 9.875, 6.5], "texture": "#1"}
			}
		},
		{
			"from": [6.61, 5.17461, 2.11716],
			"to": [9.39, 6.95461, 3.89716],
			"rotation": {"angle": 0, "axis": "y", "origin": [8, 6.46461, 2.80716]},
			"faces": {
				"north": {"uv": [6.875, 9.875, 7.25, 10.125], "texture": "#1"},
				"east": {"uv": [10.375, 2.125, 10.625, 2.375], "texture": "#1"},
				"south": {"uv": [9.875, 7.25, 10.25, 7.5], "texture": "#1"},
				"west": {"uv": [10.375, 3.875, 10.625, 4.125], "texture": "#1"},
				"up": {"uv": [10.25, 7.875, 9.875, 7.625], "texture": "#1"},
				"down": {"uv": [10.25, 9.125, 9.875, 9.375], "texture": "#1"}
			}
		},
		{
			"from": [6.575, 6.18493, 2.28859],
			"to": [6.575, 6.78493, 2.88859],
			"rotation": {"angle": 45, "axis": "x", "origin": [8, 6.48493, 2.58859]},
			"faces": {
				"north": {"uv": [0.875, 10.625, 0.875, 10.75], "texture": "#1"},
				"east": {"uv": [9, 4.75, 9.125, 4.875], "texture": "#1"},
				"south": {"uv": [1, 10.625, 1, 10.75], "texture": "#1"},
				"west": {"uv": [5.125, 9.125, 5.25, 9.25], "texture": "#1"},
				"up": {"uv": [1.5, 10.75, 1.5, 10.625], "texture": "#1"},
				"down": {"uv": [1.625, 10.625, 1.625, 10.75], "texture": "#1"}
			}
		},
		{
			"from": [9.425, 6.18493, 2.28859],
			"to": [9.425, 6.78493, 2.88859],
			"rotation": {"angle": 45, "axis": "x", "origin": [8, 6.48493, 2.58859]},
			"faces": {
				"north": {"uv": [1.75, 10.625, 1.75, 10.75], "texture": "#1"},
				"east": {"uv": [9.125, 8.75, 9.25, 8.875], "texture": "#1"},
				"south": {"uv": [4.125, 10.625, 4.125, 10.75], "texture": "#1"},
				"west": {"uv": [6.125, 9.375, 6.25, 9.5], "texture": "#1"},
				"up": {"uv": [4.25, 10.75, 4.25, 10.625], "texture": "#1"},
				"down": {"uv": [4.375, 10.625, 4.375, 10.75], "texture": "#1"}
			}
		},
		{
			"from": [9.26194, 1.51789, 2.43646],
			"to": [9.26194, 4.51789, 5.43646],
			"rotation": {"angle": 45, "axis": "x", "origin": [8, 4.91789, 5.33646]},
			"faces": {
				"north": {"uv": [4.5, 10.625, 4.5, 11], "texture": "#1"},
				"east": {"uv": [9, 9, 9.375, 9.375], "texture": "#1"},
				"south": {"uv": [4.625, 10.625, 4.625, 11], "texture": "#1"},
				"west": {"uv": [0, 9.125, 0.375, 9.5], "texture": "#1"},
				"up": {"uv": [4.75, 11, 4.75, 10.625], "texture": "#1"},
				"down": {"uv": [4.875, 10.625, 4.875, 11], "texture": "#1"}
			}
		},
		{
			"from": [6.73806, 1.51789, 2.43646],
			"to": [6.73806, 4.51789, 5.43646],
			"rotation": {"angle": 45, "axis": "x", "origin": [8, 4.91789, 5.33646]},
			"faces": {
				"north": {"uv": [5, 10.625, 5, 11], "texture": "#1"},
				"east": {"uv": [0.5, 9.125, 0.875, 9.5], "texture": "#1"},
				"south": {"uv": [5.125, 10.625, 5.125, 11], "texture": "#1"},
				"west": {"uv": [1, 9.125, 1.375, 9.5], "texture": "#1"},
				"up": {"uv": [5.25, 11, 5.25, 10.625], "texture": "#1"},
				"down": {"uv": [5.375, 10.625, 5.375, 11], "texture": "#1"}
			}
		},
		{
			"from": [7, 4.2153, 2.80061],
			"to": [9, 6.2153, 5.80061],
			"rotation": {"angle": 0, "axis": "y", "origin": [7.29, 4.94569, 4.58162]},
			"faces": {
				"north": {"uv": [10.375, 4.625, 10.625, 4.875], "texture": "#1"},
				"east": {"uv": [10, 1.375, 10.375, 1.625], "texture": "#1"},
				"south": {"uv": [10.375, 5, 10.625, 5.25], "texture": "#1"},
				"west": {"uv": [10, 2.5, 10.375, 2.75], "texture": "#1"},
				"up": {"uv": [10.25, 5, 10, 4.625], "texture": "#1"},
				"down": {"uv": [5.75, 10, 5.5, 10.375], "texture": "#1"}
			}
		}
	],
	"display": {
		"thirdperson_righthand": {
			"rotation": [51.75, -18.94, 1.82],
			"scale": [0.6, 0.6, 0.6]
		},
		"thirdperson_lefthand": {
			"rotation": [51.75, -18.94, 1.82],
			"scale": [0.6, 0.6, 0.6]
		},
		"firstperson_righthand": {
			"rotation": [0, 24, -17.25],
			"translation": [3, 0, 0.75],
			"scale": [0.8, 0.8, 0.8]
		},
		"firstperson_lefthand": {
			"rotation": [0, 24, -17.25],
			"translation": [3, 0, 0.75],
			"scale": [0.8, 0.8, 0.8]
		},
		"gui": {
			"rotation": [-172.74, 52.95, 177.31],
			"scale": [1.4, 1.4, 1.4]
		},
		"head": {
			"rotation": [24.75, 0, 0],
			"translation": [0, 2, 4.75],
			"scale": [2.3, 2.3, 2.3]
		}
	},
	"groups": [
		{
			"name": "h_head",
			"origin": [8, 4.86396, 7.74339],
			"rotation": [-26.5, 0, 0],
			"color": 0,
			"children": [
				0,
				1,
				2,
				3,
				4,
				5,
				6,
				7,
				8,
				9,
				10,
				11,
				12,
				13,
				14,
				15,
				16,
				17,
				18,
				19,
				20,
				{
					"name": "h_horn_left",
					"origin": [5.576, 7.41143, 7.45797],
					"rotation": [-30.34819, -30.45417, 16.17733],
					"color": 0,
					"children": [21, 22, 23, 24]
				},
				{
					"name": "h_horn_left",
					"origin": [5.576, 7.41143, 7.45797],
					"rotation": [-30.34819, -30.45417, 16.17733],
					"color": 0,
					"children": [25, 26, 27, 28]
				},
				29,
				30,
				31,
				32,
				33,
				34,
				35
			]
		}
	]
}