{
	"credit": "Made with Blockbench",
	"parent": "nocsy_drakonin_head8",
	"texture_size": [256, 256],
	"textures": {
		"3": "nocsy/nocsy_drakonin8"
	},
	"elements": [
		{
			"from": [4.18603, 0.22109, 2.91873],
			"to": [4.18603, 4.22109, 10.91873],
			"rotation": {"angle": -22.5, "axis": "z", "origin": [3.78603, 3.32109, 6.91873]},
			"faces": {
				"north": {"uv": [2.25, 7.75, 2.25, 8], "texture": "#3"},
				"east": {"uv": [7.5, 1.875, 7, 2.125], "texture": "#3"},
				"south": {"uv": [2.3125, 7.75, 2.3125, 8], "texture": "#3"},
				"west": {"uv": [7, 1.875, 7.5, 2.125], "texture": "#3"},
				"up": {"uv": [1.0625, 9.75, 1.0625, 9.25], "texture": "#3"},
				"down": {"uv": [1.125, 9.25, 1.125, 9.75], "texture": "#3"}
			}
		},
		{
			"from": [11.81397, 0.22109, 2.91873],
			"to": [11.81397, 4.22109, 10.91873],
			"rotation": {"angle": 22.5, "axis": "z", "origin": [12.21397, 3.32109, 6.91873]},
			"faces": {
				"north": {"uv": [8.5625, 9.25, 8.5625, 9.5], "texture": "#3"},
				"east": {"uv": [7, 2.5625, 7.5, 2.8125], "texture": "#3"},
				"south": {"uv": [8.625, 9.25, 8.625, 9.5], "texture": "#3"},
				"west": {"uv": [7.5, 2.5625, 7, 2.8125], "texture": "#3"},
				"up": {"uv": [8.6875, 9.75, 8.6875, 9.25], "texture": "#3"},
				"down": {"uv": [2.4375, 9.3125, 2.4375, 9.8125], "texture": "#3"}
			}
		},
		{
			"from": [4.5, 3.9995, 2.91873],
			"to": [11.5, 10.9995, 12.91873],
			"rotation": {"angle": 0, "axis": "y", "origin": [8, 6.6495, 7.02495]},
			"faces": {
				"north": {"uv": [3.625, 5.875, 4.0625, 6.3125], "texture": "#3"},
				"east": {"uv": [4.125, 2.125, 4.75, 2.5625], "texture": "#3"},
				"south": {"uv": [0, 5.9375, 0.4375, 6.375], "texture": "#3"},
				"west": {"uv": [4.8125, 2.125, 5.4375, 2.5625], "texture": "#3"},
				"up": {"uv": [0.4375, 5.875, 0, 5.25], "texture": "#3"},
				"down": {"uv": [0.9375, 5.25, 0.5, 5.875], "texture": "#3"}
			}
		},
		{
			"from": [3.5, 13.17934, 3.87752],
			"to": [12.5, 13.17934, 7.87752],
			"rotation": {"angle": -22.5, "axis": "x", "origin": [7, 9.67934, 8.87752]},
			"faces": {
				"north": {"uv": [5.9375, 0.5, 6.5, 0.5], "texture": "#3"},
				"east": {"uv": [5.5, 2.5625, 5.75, 2.5625], "texture": "#3"},
				"south": {"uv": [6.5625, 4.75, 7.125, 4.75], "texture": "#3"},
				"west": {"uv": [6.5625, 2.125, 6.8125, 2.125], "texture": "#3"},
				"up": {"uv": [7.125, 4.5625, 6.5625, 4.3125], "texture": "#3"},
				"down": {"uv": [7.1875, 0.5, 6.625, 0.75], "texture": "#3"}
			}
		},
		{
			"from": [3.5, 13.94467, 6.02878],
			"to": [12.5, 13.94467, 10.02878],
			"rotation": {"angle": -45, "axis": "x", "origin": [7, 13.94467, 8.02878]},
			"faces": {
				"north": {"uv": [7.5625, 2.125, 8.125, 2.125], "texture": "#3"},
				"east": {"uv": [4.625, 6.625, 4.875, 6.625], "texture": "#3"},
				"south": {"uv": [7.6875, 4.0625, 8.25, 4.0625], "texture": "#3"},
				"west": {"uv": [3.6875, 6.8125, 3.9375, 6.8125], "texture": "#3"},
				"up": {"uv": [2.9375, 6.875, 2.375, 6.625], "texture": "#3"},
				"down": {"uv": [4.5625, 6.625, 4, 6.875], "texture": "#3"}
			}
		},
		{
			"from": [3.5, 13.37205, 5.57356],
			"to": [12.5, 13.37205, 9.57356],
			"rotation": {"angle": -45, "axis": "x", "origin": [8, 13.75477, 9.49764]},
			"faces": {
				"north": {"uv": [8, 4.5, 8.5625, 4.5], "texture": "#3"},
				"east": {"uv": [3.6875, 6.875, 3.9375, 6.875], "texture": "#3"},
				"south": {"uv": [8, 4.5625, 8.5625, 4.5625], "texture": "#3"},
				"west": {"uv": [7, 3.75, 7.25, 3.75], "texture": "#3"},
				"up": {"uv": [0.5625, 6.9375, 0, 6.6875], "texture": "#3"},
				"down": {"uv": [1.1875, 6.6875, 0.625, 6.9375], "texture": "#3"}
			}
		},
		{
			"from": [3.5, 13.3863, 10.58661],
			"to": [12.5, 17.3863, 10.58661],
			"rotation": {"angle": 22.5, "axis": "x", "origin": [8, 15.3863, 10.58661]},
			"faces": {
				"north": {"uv": [1.25, 6.6875, 1.8125, 6.9375], "texture": "#3"},
				"east": {"uv": [9.3125, 1.0625, 9.3125, 1.3125], "texture": "#3"},
				"south": {"uv": [4.625, 6.6875, 5.1875, 6.9375], "texture": "#3"},
				"west": {"uv": [9.3125, 2.4375, 9.3125, 2.6875], "texture": "#3"},
				"up": {"uv": [9.8125, 1.875, 9.25, 1.875], "texture": "#3"},
				"down": {"uv": [9.8125, 1.9375, 9.25, 1.9375], "texture": "#3"}
			}
		},
		{
			"from": [4.45, 4.4995, 2.74373],
			"to": [7.45, 11.4995, 2.74373],
			"rotation": {"angle": 0, "axis": "y", "origin": [7.95, 6.6495, 6.84995]},
			"faces": {
				"north": {"uv": [5, 8.0625, 5.1875, 8.5], "texture": "#3"},
				"east": {"uv": [2.5, 9.3125, 2.5, 9.75], "texture": "#3"},
				"south": {"uv": [5.5625, 8.0625, 5.75, 8.5], "texture": "#3"},
				"west": {"uv": [2.5625, 9.3125, 2.5625, 9.75], "texture": "#3"},
				"up": {"uv": [5.3125, 6.125, 5.125, 6.125], "texture": "#3"},
				"down": {"uv": [7.125, 4.25, 6.9375, 4.25], "texture": "#3"}
			}
		},
		{
			"from": [-1.52487, 5.4995, 5.2186],
			"to": [5.47513, 12.4995, 5.2186],
			"rotation": {"angle": 45, "axis": "y", "origin": [1.97513, 7.9995, 5.2186]},
			"faces": {
				"north": {"uv": [0.5, 5.9375, 0.9375, 6.375], "texture": "#3"},
				"east": {"uv": [2.625, 9.3125, 2.625, 9.75], "texture": "#3"},
				"south": {"uv": [6, 4.8125, 6.4375, 5.25], "texture": "#3"},
				"west": {"uv": [2.75, 9.3125, 2.75, 9.75], "texture": "#3"},
				"up": {"uv": [7.6875, 0.75, 7.25, 0.75], "texture": "#3"},
				"down": {"uv": [7.8125, 5.75, 7.375, 5.75], "texture": "#3"}
			}
		},
		{
			"from": [8.55, 4.4995, 2.74373],
			"to": [11.55, 11.4995, 2.74373],
			"rotation": {"angle": 0, "axis": "y", "origin": [8.05, 6.6495, 6.84995]},
			"faces": {
				"north": {"uv": [5.8125, 8.0625, 6, 8.5], "texture": "#3"},
				"east": {"uv": [2.8125, 9.3125, 2.8125, 9.75], "texture": "#3"},
				"south": {"uv": [7.0625, 8.0625, 7.25, 8.5], "texture": "#3"},
				"west": {"uv": [2.875, 9.3125, 2.875, 9.75], "texture": "#3"},
				"up": {"uv": [7.1875, 3.8125, 7, 3.8125], "texture": "#3"},
				"down": {"uv": [7.75, 2.0625, 7.5625, 2.0625], "texture": "#3"}
			}
		},
		{
			"from": [10.52487, 5.4995, 5.2186],
			"to": [17.52487, 12.4995, 5.2186],
			"rotation": {"angle": -45, "axis": "y", "origin": [14.02487, 7.9995, 5.2186]},
			"faces": {
				"north": {"uv": [6, 5.3125, 6.4375, 5.75], "texture": "#3"},
				"east": {"uv": [2.9375, 9.3125, 2.9375, 9.75], "texture": "#3"},
				"south": {"uv": [6.0625, 1.6875, 6.5, 2.125], "texture": "#3"},
				"west": {"uv": [9.3125, 3, 9.3125, 3.4375], "texture": "#3"},
				"up": {"uv": [9.6875, 4, 9.25, 4], "texture": "#3"},
				"down": {"uv": [9.6875, 4.0625, 9.25, 4.0625], "texture": "#3"}
			}
		},
		{
			"from": [4.45, 4.4995, 2.84373],
			"to": [7.45, 11.4995, 2.84373],
			"rotation": {"angle": 0, "axis": "y", "origin": [7.95, 6.6495, 6.94995]},
			"faces": {
				"north": {"uv": [7.75, 8.0625, 7.9375, 8.5], "texture": "#3"},
				"east": {"uv": [4.1875, 9.3125, 4.1875, 9.75], "texture": "#3"},
				"south": {"uv": [7.9375, 8.0625, 7.75, 8.5], "texture": "#3"},
				"west": {"uv": [4.25, 9.3125, 4.25, 9.75], "texture": "#3"},
				"up": {"uv": [8.0625, 3, 7.875, 3], "texture": "#3"},
				"down": {"uv": [8.4375, 4, 8.25, 4], "texture": "#3"}
			}
		},
		{
			"from": [8.55, 4.4995, 2.84373],
			"to": [11.55, 11.4995, 2.84373],
			"rotation": {"angle": 0, "axis": "y", "origin": [10.05, 7.9995, 2.84373]},
			"faces": {
				"north": {"uv": [8.125, 0.5625, 8.3125, 1], "texture": "#3"},
				"east": {"uv": [4.3125, 9.3125, 4.3125, 9.75], "texture": "#3"},
				"south": {"uv": [8.3125, 0.5625, 8.125, 1], "texture": "#3"},
				"west": {"uv": [4.375, 9.3125, 4.375, 9.75], "texture": "#3"},
				"up": {"uv": [8.5, 5.625, 8.3125, 5.625], "texture": "#3"},
				"down": {"uv": [8.5, 7.625, 8.3125, 7.625], "texture": "#3"}
			}
		},
		{
			"from": [5.45, 3.8995, 2.74373],
			"to": [5.95, 9.6995, 2.74373],
			"rotation": {"angle": 0, "axis": "y", "origin": [7.95, 6.6495, 6.94995]},
			"faces": {
				"north": {"uv": [5.375, 1.6875, 5.4375, 2.0625], "texture": "#3"},
				"east": {"uv": [4.5, 9.3125, 4.5, 9.6875], "texture": "#3"},
				"south": {"uv": [5.4375, 1.6875, 5.375, 2.0625], "texture": "#3"},
				"west": {"uv": [4.5625, 9.3125, 4.5625, 9.6875], "texture": "#3"},
				"up": {"uv": [2.5625, 5.8125, 2.5, 5.8125], "texture": "#3"},
				"down": {"uv": [3.5625, 6.125, 3.5, 6.125], "texture": "#3"}
			}
		},
		{
			"from": [10.05, 3.8995, 2.74373],
			"to": [10.55, 9.6995, 2.74373],
			"rotation": {"angle": 0, "axis": "y", "origin": [8.05, 6.6495, 6.94995]},
			"faces": {
				"north": {"uv": [8.125, 3, 8.1875, 3.375], "texture": "#3"},
				"east": {"uv": [4.625, 9.3125, 4.625, 9.6875], "texture": "#3"},
				"south": {"uv": [8.1875, 3, 8.125, 3.375], "texture": "#3"},
				"west": {"uv": [4.6875, 9.3125, 4.6875, 9.6875], "texture": "#3"},
				"up": {"uv": [3.5625, 6.1875, 3.5, 6.1875], "texture": "#3"},
				"down": {"uv": [3.5625, 6.25, 3.5, 6.25], "texture": "#3"}
			}
		},
		{
			"from": [4.45, 4.4995, 2.84373],
			"to": [4.45, 11.4995, 5.84373],
			"rotation": {"angle": 0, "axis": "y", "origin": [8, 6.6495, 7.02495]},
			"faces": {
				"north": {"uv": [4.75, 9.3125, 4.75, 9.75], "texture": "#3"},
				"east": {"uv": [2, 8.125, 1.8125, 8.5625], "texture": "#3"},
				"south": {"uv": [4.8125, 9.3125, 4.8125, 9.75], "texture": "#3"},
				"west": {"uv": [1.8125, 8.125, 2, 8.5625], "texture": "#3"},
				"up": {"uv": [4, 6.5625, 4, 6.375], "texture": "#3"},
				"down": {"uv": [4.0625, 6.375, 4.0625, 6.5625], "texture": "#3"}
			}
		},
		{
			"from": [11.55, 4.4995, 2.84373],
			"to": [11.55, 11.4995, 5.84373],
			"rotation": {"angle": 0, "axis": "y", "origin": [8, 6.6495, 7.02495]},
			"faces": {
				"north": {"uv": [4.875, 9.3125, 4.875, 9.75], "texture": "#3"},
				"east": {"uv": [3, 8.125, 3.1875, 8.5625], "texture": "#3"},
				"south": {"uv": [4.9375, 9.3125, 4.9375, 9.75], "texture": "#3"},
				"west": {"uv": [3.1875, 8.125, 3, 8.5625], "texture": "#3"},
				"up": {"uv": [0.875, 6.625, 0.875, 6.4375], "texture": "#3"},
				"down": {"uv": [0.9375, 6.4375, 0.9375, 6.625], "texture": "#3"}
			}
		},
		{
			"from": [4.1445, 7.97374, 9.18702],
			"to": [7.1445, 11.97374, 16.18702],
			"rotation": {"angle": -45, "axis": "x", "origin": [6.01901, 8.82915, 12.35125]},
			"faces": {
				"north": {"uv": [5.75, 8.8125, 5.9375, 9.0625], "texture": "#3"},
				"east": {"uv": [7.3125, 3.5625, 7.75, 3.8125], "texture": "#3"},
				"south": {"uv": [6, 8.8125, 6.1875, 9.0625], "texture": "#3"},
				"west": {"uv": [7.375, 5.125, 7.8125, 5.375], "texture": "#3"},
				"up": {"uv": [5.4375, 8.625, 5.25, 8.1875], "texture": "#3"},
				"down": {"uv": [8.375, 6.25, 8.1875, 6.6875], "texture": "#3"}
			}
		},
		{
			"from": [5.80199, 8.27048, 11.92931],
			"to": [8.40199, 10.87048, 17.52931],
			"rotation": {"angle": -45, "axis": "x", "origin": [6.01901, 8.82915, 12.35125]},
			"faces": {
				"north": {"uv": [7.375, 9.125, 7.5625, 9.3125], "texture": "#3"},
				"east": {"uv": [8.3125, 5.375, 8.6875, 5.5625], "texture": "#3"},
				"south": {"uv": [9.125, 8.5, 9.3125, 8.6875], "texture": "#3"},
				"west": {"uv": [8.3125, 5.9375, 8.6875, 6.125], "texture": "#3"},
				"up": {"uv": [5.4375, 4.6875, 5.25, 4.3125], "texture": "#3"},
				"down": {"uv": [4.4375, 8.3125, 4.25, 8.6875], "texture": "#3"}
			}
		},
		{
			"from": [5.81443, 10.08782, 16.41939],
			"to": [8.41443, 10.08782, 22.41939],
			"rotation": {"angle": -45, "axis": "x", "origin": [6.01901, 8.82915, 12.35125]},
			"faces": {
				"north": {"uv": [8.3125, 7.6875, 8.5, 7.6875], "texture": "#3"},
				"east": {"uv": [9.25, 7.5, 9.625, 7.5], "texture": "#3"},
				"south": {"uv": [0, 8.4375, 0.1875, 8.4375], "texture": "#3"},
				"west": {"uv": [9.25, 7.5625, 9.625, 7.5625], "texture": "#3"},
				"up": {"uv": [6.25, 8.75, 6.0625, 8.375], "texture": "#3"},
				"down": {"uv": [6.25, 8.375, 6.0625, 8.75], "texture": "#3"}
			}
		},
		{
			"from": [6.99311, 8.68882, 16.44071],
			"to": [6.99311, 11.28882, 22.44071],
			"rotation": {"angle": -45, "axis": "x", "origin": [6.01901, 8.82915, 12.35125]},
			"faces": {
				"north": {"uv": [6.25, 7.6875, 6.25, 7.875], "texture": "#3"},
				"east": {"uv": [8.25, 8.375, 8.625, 8.5625], "texture": "#3"},
				"south": {"uv": [8.25, 7.25, 8.25, 7.4375], "texture": "#3"},
				"west": {"uv": [8.625, 8.375, 8.25, 8.5625], "texture": "#3"},
				"up": {"uv": [5, 9.6875, 5, 9.3125], "texture": "#3"},
				"down": {"uv": [5.0625, 9.3125, 5.0625, 9.6875], "texture": "#3"}
			}
		},
		{
			"from": [2.98725, 5.97027, 9.45954],
			"to": [5.58725, 8.57027, 15.05954],
			"rotation": {"angle": -22.5, "axis": "y", "origin": [5.21113, 7.27027, 11.87685]},
			"faces": {
				"north": {"uv": [9.1875, 0.5625, 9.375, 0.75], "texture": "#3"},
				"east": {"uv": [8.4375, 6.4375, 8.8125, 6.625], "texture": "#3"},
				"south": {"uv": [9.1875, 0.8125, 9.375, 1], "texture": "#3"},
				"west": {"uv": [0, 8.5, 0.375, 8.6875], "texture": "#3"},
				"up": {"uv": [6.5, 8.75, 6.3125, 8.375], "texture": "#3"},
				"down": {"uv": [1.25, 8.5, 1.0625, 8.875], "texture": "#3"}
			}
		},
		{
			"from": [1.92357, 7.30898, 12.0919],
			"to": [4.52357, 7.30898, 18.0919],
			"rotation": {"angle": -22.5, "axis": "x", "origin": [6.01901, 8.82915, 12.35125]},
			"faces": {
				"north": {"uv": [2.1875, 8.625, 2.375, 8.625], "texture": "#3"},
				"east": {"uv": [9.25, 8.4375, 9.625, 8.4375], "texture": "#3"},
				"south": {"uv": [9, 2.75, 9.1875, 2.75], "texture": "#3"},
				"west": {"uv": [9.3125, 0.4375, 9.6875, 0.4375], "texture": "#3"},
				"up": {"uv": [8.6875, 3.8125, 8.5, 3.4375], "texture": "#3"},
				"down": {"uv": [8.6875, 3.4375, 8.5, 3.8125], "texture": "#3"}
			}
		},
		{
			"from": [3.10225, 5.90998, 12.11322],
			"to": [3.10225, 8.50998, 18.11322],
			"rotation": {"angle": -22.5, "axis": "x", "origin": [6.01901, 8.82915, 12.35125]},
			"faces": {
				"north": {"uv": [0.4375, 8.5, 0.4375, 8.6875], "texture": "#3"},
				"east": {"uv": [8.5, 1, 8.875, 1.1875], "texture": "#3"},
				"south": {"uv": [0.5, 8.5, 0.5, 8.6875], "texture": "#3"},
				"west": {"uv": [8.875, 1, 8.5, 1.1875], "texture": "#3"},
				"up": {"uv": [5.125, 9.6875, 5.125, 9.3125], "texture": "#3"},
				"down": {"uv": [9.3125, 5.125, 9.3125, 5.5], "texture": "#3"}
			}
		},
		{
			"from": [11.8555, 7.97374, 9.18702],
			"to": [14.8555, 11.97374, 16.18702],
			"rotation": {"angle": -45, "axis": "x", "origin": [9.98099, 8.82915, 12.35125]},
			"faces": {
				"north": {"uv": [5.9375, 8.8125, 5.75, 9.0625], "texture": "#3"},
				"east": {"uv": [7.8125, 5.125, 7.375, 5.375], "texture": "#3"},
				"south": {"uv": [6.1875, 8.8125, 6, 9.0625], "texture": "#3"},
				"west": {"uv": [7.75, 3.5625, 7.3125, 3.8125], "texture": "#3"},
				"up": {"uv": [5.25, 8.625, 5.4375, 8.1875], "texture": "#3"},
				"down": {"uv": [8.1875, 6.25, 8.375, 6.6875], "texture": "#3"}
			}
		},
		{
			"from": [10.59801, 8.27048, 11.92931],
			"to": [13.19801, 10.87048, 17.52931],
			"rotation": {"angle": -45, "axis": "x", "origin": [9.98099, 8.82915, 12.35125]},
			"faces": {
				"north": {"uv": [7.5625, 9.125, 7.375, 9.3125], "texture": "#3"},
				"east": {"uv": [8.6875, 5.9375, 8.3125, 6.125], "texture": "#3"},
				"south": {"uv": [9.3125, 8.5, 9.125, 8.6875], "texture": "#3"},
				"west": {"uv": [8.6875, 5.375, 8.3125, 5.5625], "texture": "#3"},
				"up": {"uv": [5.25, 4.6875, 5.4375, 4.3125], "texture": "#3"},
				"down": {"uv": [4.25, 8.3125, 4.4375, 8.6875], "texture": "#3"}
			}
		},
		{
			"from": [10.58557, 10.08782, 16.41939],
			"to": [13.18557, 10.08782, 22.41939],
			"rotation": {"angle": -45, "axis": "x", "origin": [9.98099, 8.82915, 12.35125]},
			"faces": {
				"north": {"uv": [8.5, 7.6875, 8.3125, 7.6875], "texture": "#3"},
				"east": {"uv": [9.625, 7.5625, 9.25, 7.5625], "texture": "#3"},
				"south": {"uv": [0.1875, 8.4375, 0, 8.4375], "texture": "#3"},
				"west": {"uv": [9.625, 7.5, 9.25, 7.5], "texture": "#3"},
				"up": {"uv": [6.0625, 8.75, 6.25, 8.375], "texture": "#3"},
				"down": {"uv": [6.0625, 8.375, 6.25, 8.75], "texture": "#3"}
			}
		},
		{
			"from": [12.00689, 8.68882, 16.44071],
			"to": [12.00689, 11.28882, 22.44071],
			"rotation": {"angle": -45, "axis": "x", "origin": [9.98099, 8.82915, 12.35125]},
			"faces": {
				"north": {"uv": [6.25, 7.6875, 6.25, 7.875], "texture": "#3"},
				"east": {"uv": [8.25, 8.375, 8.625, 8.5625], "texture": "#3"},
				"south": {"uv": [8.25, 7.25, 8.25, 7.4375], "texture": "#3"},
				"west": {"uv": [8.625, 8.375, 8.25, 8.5625], "texture": "#3"},
				"up": {"uv": [5, 9.6875, 5, 9.3125], "texture": "#3"},
				"down": {"uv": [5.0625, 9.3125, 5.0625, 9.6875], "texture": "#3"}
			}
		},
		{
			"from": [13.18439, 5.97027, 10.60759],
			"to": [15.78439, 8.57027, 16.20759],
			"rotation": {"angle": 22.5, "axis": "y", "origin": [10.78887, 7.27027, 11.87685]},
			"faces": {
				"north": {"uv": [9.375, 0.5625, 9.1875, 0.75], "texture": "#3"},
				"east": {"uv": [0.375, 8.5, 0, 8.6875], "texture": "#3"},
				"south": {"uv": [9.375, 0.8125, 9.1875, 1], "texture": "#3"},
				"west": {"uv": [8.8125, 6.4375, 8.4375, 6.625], "texture": "#3"},
				"up": {"uv": [6.3125, 8.75, 6.5, 8.375], "texture": "#3"},
				"down": {"uv": [1.0625, 8.5, 1.25, 8.875], "texture": "#3"}
			}
		},
		{
			"from": [14.47643, 7.30898, 12.0919],
			"to": [17.07643, 7.30898, 18.0919],
			"rotation": {"angle": -22.5, "axis": "x", "origin": [9.98099, 8.82915, 12.35125]},
			"faces": {
				"north": {"uv": [2.375, 8.625, 2.1875, 8.625], "texture": "#3"},
				"east": {"uv": [9.6875, 0.4375, 9.3125, 0.4375], "texture": "#3"},
				"south": {"uv": [9.1875, 2.75, 9, 2.75], "texture": "#3"},
				"west": {"uv": [9.625, 8.4375, 9.25, 8.4375], "texture": "#3"},
				"up": {"uv": [8.5, 3.8125, 8.6875, 3.4375], "texture": "#3"},
				"down": {"uv": [8.5, 3.4375, 8.6875, 3.8125], "texture": "#3"}
			}
		},
		{
			"from": [15.89775, 5.90998, 12.11322],
			"to": [15.89775, 8.50998, 18.11322],
			"rotation": {"angle": -22.5, "axis": "x", "origin": [9.98099, 8.82915, 12.35125]},
			"faces": {
				"north": {"uv": [0.4375, 8.5, 0.4375, 8.6875], "texture": "#3"},
				"east": {"uv": [8.5, 1, 8.875, 1.1875], "texture": "#3"},
				"south": {"uv": [0.5, 8.5, 0.5, 8.6875], "texture": "#3"},
				"west": {"uv": [8.875, 1, 8.5, 1.1875], "texture": "#3"},
				"up": {"uv": [5.125, 9.6875, 5.125, 9.3125], "texture": "#3"},
				"down": {"uv": [9.3125, 5.125, 9.3125, 5.5], "texture": "#3"}
			}
		},
		{
			"from": [6.02, 6.2531, 2.08574],
			"to": [9.98, 8.2131, 5.04574],
			"rotation": {"angle": -45, "axis": "x", "origin": [8, 7.1331, 1.56574]},
			"faces": {
				"north": {"uv": [8.625, 7.4375, 8.875, 7.5625], "texture": "#3"},
				"east": {"uv": [9.25, 6.8125, 9.4375, 6.9375], "texture": "#3"},
				"south": {"uv": [9.25, 5.625, 9.5, 5.75], "texture": "#3"},
				"west": {"uv": [9.25, 8.0625, 9.4375, 8.1875], "texture": "#3"},
				"up": {"uv": [9, 3.8125, 8.75, 3.625], "texture": "#3"},
				"down": {"uv": [9, 5.4375, 8.75, 5.625], "texture": "#3"}
			}
		},
		{
			"from": [6.01, 5.7431, -1.62426],
			"to": [9.99, 8.7231, 4.35574],
			"rotation": {"angle": -22.5, "axis": "x", "origin": [8, 7.6331, 1.66574]},
			"faces": {
				"north": {"uv": [8.875, 0.5625, 9.125, 0.75], "texture": "#3"},
				"east": {"uv": [3, 8.625, 3.375, 8.8125], "texture": "#3"},
				"south": {"uv": [1.3125, 8.875, 1.5625, 9.0625], "texture": "#3"},
				"west": {"uv": [3.4375, 8.625, 3.8125, 8.8125], "texture": "#3"},
				"up": {"uv": [5.5, 8.125, 5.25, 7.75], "texture": "#3"},
				"down": {"uv": [7.6875, 7.75, 7.4375, 8.125], "texture": "#3"}
			}
		},
		{
			"from": [6, 5.14616, -1.62885],
			"to": [10, 6.14616, -1.62885],
			"rotation": {"angle": -22.5, "axis": "x", "origin": [8, 7.64616, 1.67115]},
			"faces": {
				"north": {"uv": [6.625, 0.8125, 6.875, 0.875], "texture": "#3"},
				"east": {"uv": [3.375, 6.625, 3.375, 6.6875], "texture": "#3"},
				"south": {"uv": [3.375, 6.8125, 3.625, 6.875], "texture": "#3"},
				"west": {"uv": [3.4375, 6.625, 3.4375, 6.6875], "texture": "#3"},
				"up": {"uv": [9.5625, 5.875, 9.3125, 5.875], "texture": "#3"},
				"down": {"uv": [9.5625, 5.9375, 9.3125, 5.9375], "texture": "#3"}
			}
		},
		{
			"from": [6.49, 4.29922, -0.26158],
			"to": [9.51, 6.31922, 4.75842],
			"rotation": {"angle": 0, "axis": "y", "origin": [7.5, 5.30922, 2.24842]},
			"faces": {
				"north": {"uv": [9.25, 8.25, 9.4375, 8.375], "texture": "#3"},
				"east": {"uv": [6.5625, 3.875, 6.875, 4], "texture": "#3"},
				"south": {"uv": [8.3125, 9.25, 8.5, 9.375], "texture": "#3"},
				"west": {"uv": [8.3125, 2, 8.625, 2.125], "texture": "#3"},
				"up": {"uv": [2.6875, 9, 2.5, 8.6875], "texture": "#3"},
				"down": {"uv": [5.4375, 8.6875, 5.25, 9], "texture": "#3"}
			}
		},
		{
			"from": [6.5, 3.34205, -0.0592],
			"to": [9.5, 5.34205, 4.9408],
			"rotation": {"angle": -22.5, "axis": "x", "origin": [8, 4.34205, 2.4408]},
			"faces": {
				"north": {"uv": [9.25, 9, 9.4375, 9.125], "texture": "#3"},
				"east": {"uv": [9, 2, 9.3125, 2.125], "texture": "#3"},
				"south": {"uv": [9.25, 9.1875, 9.4375, 9.3125], "texture": "#3"},
				"west": {"uv": [9, 7.625, 9.3125, 7.75], "texture": "#3"},
				"up": {"uv": [8.9375, 7, 8.75, 6.6875], "texture": "#3"},
				"down": {"uv": [5.6875, 8.8125, 5.5, 9.125], "texture": "#3"}
			}
		},
		{
			"from": [6.5, -1.3863, -0.25158],
			"to": [9.5, 2.6137, -0.25158],
			"rotation": {"angle": 22.5, "axis": "x", "origin": [8, 0.6137, -0.25158]},
			"faces": {
				"north": {"uv": [1.625, 8.875, 1.8125, 9.125], "texture": "#3"},
				"east": {"uv": [5.4375, 9.3125, 5.4375, 9.5625], "texture": "#3"},
				"south": {"uv": [1.875, 8.875, 2.0625, 9.125], "texture": "#3"},
				"west": {"uv": [6.5, 9.3125, 6.5, 9.5625], "texture": "#3"},
				"up": {"uv": [9.5, 6, 9.3125, 6], "texture": "#3"},
				"down": {"uv": [7.0625, 9.3125, 6.875, 9.3125], "texture": "#3"}
			}
		}
	],
	"display": {
		"thirdperson_righthand": {
			"rotation": [51.75, -18.94, 1.82],
			"scale": [0.6, 0.6, 0.6]
		},
		"thirdperson_lefthand": {
			"rotation": [51.75, -18.94, 1.82],
			"scale": [0.6, 0.6, 0.6]
		},
		"firstperson_righthand": {
			"rotation": [0, 24, -17.25],
			"translation": [3, 0, 0.75],
			"scale": [0.8, 0.8, 0.8]
		},
		"firstperson_lefthand": {
			"rotation": [0, 24, -17.25],
			"translation": [3, 0, 0.75],
			"scale": [0.8, 0.8, 0.8]
		},
		"gui": {
			"rotation": [-172.74, 52.95, 177.31],
			"translation": [-0.75, -1, 0],
			"scale": [0.8, 0.8, 0.8]
		},
		"head": {
			"rotation": [24.75, 0, 0],
			"translation": [0, 2, 4.75],
			"scale": [2.3, 2.3, 2.3]
		}
	},
	"groups": [
		{
			"name": "h_head",
			"origin": [8, 3.93899, 7.48872],
			"rotation": [-25, 0, 0],
			"color": 0,
			"children": [
				0,
				1,
				2,
				3,
				4,
				5,
				6,
				7,
				8,
				9,
				10,
				11,
				12,
				13,
				14,
				15,
				16,
				{
					"name": "h_horn_left",
					"origin": [5.8, 9.22773, 8.16214],
					"rotation": [-56.96286, -42.80547, 16.59004],
					"color": 0,
					"children": [17, 18, 19, 20, 21, 22, 23]
				},
				{
					"name": "h_horn_left",
					"origin": [5.8, 9.22773, 8.16214],
					"rotation": [-56.96286, -42.80547, 16.59004],
					"color": 0,
					"children": [24, 25, 26, 27, 28, 29, 30]
				},
				31,
				32,
				33,
				34,
				35,
				36
			]
		}
	]
}