{
	"credit": "Made with Blockbench",
	"parent": "nocsy_drakonin_baby_head8",
	"texture_size": [256, 256],
	"textures": {
		"2": "nocsy/nocsy_drakonin_baby8"
	},
	"elements": [
		{
			"from": [5.5, 5.9252, 4.40065],
			"to": [10.5, 10.9252, 9.40065],
			"rotation": {"angle": 0, "axis": "y", "origin": [8.53, 8.12559, 6.94565]},
			"faces": {
				"north": {"uv": [6.25, 3, 6.875, 3.625], "texture": "#2"},
				"east": {"uv": [6.25, 5.875, 6.875, 6.5], "texture": "#2"},
				"south": {"uv": [0, 6.375, 0.625, 7], "texture": "#2"},
				"west": {"uv": [0.75, 6.375, 1.375, 7], "texture": "#2"},
				"up": {"uv": [2.125, 7, 1.5, 6.375], "texture": "#2"},
				"down": {"uv": [2.875, 6.625, 2.25, 7.25], "texture": "#2"}
			}
		},
		{
			"from": [4.5, 5.3252, 4.10065],
			"to": [7.5, 13.3252, 4.10065],
			"rotation": {"angle": 0, "axis": "y", "origin": [6.47, 8.52559, 7.64565]},
			"faces": {
				"north": {"uv": [4.75, 6.75, 5.125, 7.75], "texture": "#2"},
				"east": {"uv": [1.75, 10.625, 1.75, 11.625], "texture": "#2"},
				"south": {"uv": [5.125, 6.75, 4.75, 7.75], "texture": "#2"},
				"west": {"uv": [6.375, 10.625, 6.375, 11.625], "texture": "#2"},
				"up": {"uv": [7.5, 10.625, 7.125, 10.625], "texture": "#2"},
				"down": {"uv": [8, 10.625, 7.625, 10.625], "texture": "#2"}
			}
		},
		{
			"from": [1.93934, 5.3252, 5.16131],
			"to": [4.93934, 13.3252, 5.16131],
			"rotation": {"angle": 45, "axis": "y", "origin": [3.43934, 10.8252, 5.16131]},
			"faces": {
				"north": {"uv": [5.75, 6.75, 6.125, 7.75], "texture": "#2"},
				"east": {"uv": [6.5, 10.625, 6.5, 11.625], "texture": "#2"},
				"south": {"uv": [6.125, 6.75, 5.75, 7.75], "texture": "#2"},
				"west": {"uv": [6.625, 10.625, 6.625, 11.625], "texture": "#2"},
				"up": {"uv": [9.125, 10.625, 8.75, 10.625], "texture": "#2"},
				"down": {"uv": [11, 10.125, 10.625, 10.125], "texture": "#2"}
			}
		},
		{
			"from": [8.5, 5.3252, 4.10065],
			"to": [11.5, 13.3252, 4.10065],
			"rotation": {"angle": 0, "axis": "y", "origin": [9.53, 8.52559, 7.64565]},
			"faces": {
				"north": {"uv": [5.125, 6.75, 4.75, 7.75], "texture": "#2"},
				"east": {"uv": [6.375, 10.625, 6.375, 11.625], "texture": "#2"},
				"south": {"uv": [4.75, 6.75, 5.125, 7.75], "texture": "#2"},
				"west": {"uv": [1.75, 10.625, 1.75, 11.625], "texture": "#2"},
				"up": {"uv": [7.125, 10.625, 7.5, 10.625], "texture": "#2"},
				"down": {"uv": [7.625, 10.625, 8, 10.625], "texture": "#2"}
			}
		},
		{
			"from": [11.06066, 5.3252, 5.16131],
			"to": [14.06066, 13.3252, 5.16131],
			"rotation": {"angle": -45, "axis": "y", "origin": [12.56066, 10.8252, 5.16131]},
			"faces": {
				"north": {"uv": [6.125, 6.75, 5.75, 7.75], "texture": "#2"},
				"east": {"uv": [6.625, 10.625, 6.625, 11.625], "texture": "#2"},
				"south": {"uv": [5.75, 6.75, 6.125, 7.75], "texture": "#2"},
				"west": {"uv": [6.5, 10.625, 6.5, 11.625], "texture": "#2"},
				"up": {"uv": [8.75, 10.625, 9.125, 10.625], "texture": "#2"},
				"down": {"uv": [10.625, 10.125, 11, 10.125], "texture": "#2"}
			}
		},
		{
			"from": [5.5, 11.88098, 4.21073],
			"to": [10.5, 11.88098, 7.21073],
			"rotation": {"angle": -22.5, "axis": "x", "origin": [8, 11.88098, 6.71073]},
			"faces": {
				"north": {"uv": [10.625, 10.25, 11.25, 10.25], "texture": "#2"},
				"east": {"uv": [10.625, 10.375, 11, 10.375], "texture": "#2"},
				"south": {"uv": [10.625, 10.5, 11.25, 10.5], "texture": "#2"},
				"west": {"uv": [10.625, 10.625, 11, 10.625], "texture": "#2"},
				"up": {"uv": [8, 5.375, 7.375, 5], "texture": "#2"},
				"down": {"uv": [8, 5, 7.375, 5.375], "texture": "#2"}
			}
		},
		{
			"from": [5.5, 10.2983, 6.08685],
			"to": [10.5, 10.2983, 9.08685],
			"rotation": {"angle": -45, "axis": "x", "origin": [8, 11.4983, 5.78685]},
			"faces": {
				"north": {"uv": [10.75, 0.75, 11.375, 0.75], "texture": "#2"},
				"east": {"uv": [10.75, 0.875, 11.125, 0.875], "texture": "#2"},
				"south": {"uv": [10.75, 1, 11.375, 1], "texture": "#2"},
				"west": {"uv": [10.75, 1.125, 11.125, 1.125], "texture": "#2"},
				"up": {"uv": [0.625, 8.125, 0, 7.75], "texture": "#2"},
				"down": {"uv": [0.625, 7.75, 0, 8.125], "texture": "#2"}
			}
		},
		{
			"from": [4.35299, 1.15879, 4.40065],
			"to": [4.35299, 5.15879, 9.40065],
			"rotation": {"angle": -22.5, "axis": "z", "origin": [6.85299, 2.65879, 6.90065]},
			"faces": {
				"north": {"uv": [4.625, 6.875, 4.625, 7.375], "texture": "#2"},
				"east": {"uv": [7.625, 0.625, 7, 1.125], "texture": "#2"},
				"south": {"uv": [8.125, 10.625, 8.125, 11.125], "texture": "#2"},
				"west": {"uv": [7, 0.625, 7.625, 1.125], "texture": "#2"},
				"up": {"uv": [8.25, 11.25, 8.25, 10.625], "texture": "#2"},
				"down": {"uv": [9.25, 10.625, 9.25, 11.25], "texture": "#2"}
			}
		},
		{
			"from": [11.64701, 1.15879, 4.40065],
			"to": [11.64701, 5.15879, 9.40065],
			"rotation": {"angle": 22.5, "axis": "z", "origin": [9.14701, 2.65879, 6.90065]},
			"faces": {
				"north": {"uv": [4.625, 6.875, 4.625, 7.375], "texture": "#2"},
				"east": {"uv": [7.625, 0.625, 7, 1.125], "texture": "#2"},
				"south": {"uv": [8.125, 10.625, 8.125, 11.125], "texture": "#2"},
				"west": {"uv": [7, 0.625, 7.625, 1.125], "texture": "#2"},
				"up": {"uv": [8.25, 11.25, 8.25, 10.625], "texture": "#2"},
				"down": {"uv": [9.25, 10.625, 9.25, 11.25], "texture": "#2"}
			}
		},
		{
			"from": [5.4265, 6.6252, 4.17165],
			"to": [5.4265, 10.2252, 5.17165],
			"rotation": {"angle": 0, "axis": "y", "origin": [8, 8.32559, 6.94565]},
			"faces": {
				"north": {"uv": [1.875, 10.75, 1.875, 11.25], "texture": "#2"},
				"east": {"uv": [2.875, 10.5, 2.75, 11], "texture": "#2"},
				"south": {"uv": [2, 10.75, 2, 11.25], "texture": "#2"},
				"west": {"uv": [2.75, 10.5, 2.875, 11], "texture": "#2"},
				"up": {"uv": [2.125, 7.25, 2.125, 7.125], "texture": "#2"},
				"down": {"uv": [7.25, 4.375, 7.25, 4.5], "texture": "#2"}
			}
		},
		{
			"from": [5.9255, 7.0252, 4.14665],
			"to": [7.0255, 9.0252, 4.14665],
			"rotation": {"angle": 0, "axis": "y", "origin": [4.66389, 8.32559, 6.63755]},
			"faces": {
				"north": {"uv": [1.5, 10.625, 1.625, 10.875], "texture": "#2"},
				"east": {"uv": [9.75, 4.75, 9.75, 5], "texture": "#2"},
				"south": {"uv": [10.625, 2.375, 10.75, 2.625], "texture": "#2"},
				"west": {"uv": [4, 9.875, 4, 10.125], "texture": "#2"},
				"up": {"uv": [6.125, 5.875, 6, 5.875], "texture": "#2"},
				"down": {"uv": [9, 8, 8.875, 8], "texture": "#2"}
			}
		},
		{
			"from": [5.4255, 6.6252, 4.17165],
			"to": [8.0255, 10.2252, 4.17165],
			"rotation": {"angle": 0, "axis": "y", "origin": [5.26389, 8.32559, 6.63755]},
			"faces": {
				"north": {"uv": [7.75, 8.125, 8.125, 8.625], "texture": "#2"},
				"east": {"uv": [2.125, 10.75, 2.125, 11.25], "texture": "#2"},
				"south": {"uv": [8.125, 8.125, 7.75, 8.625], "texture": "#2"},
				"west": {"uv": [4, 10.75, 4, 11.25], "texture": "#2"},
				"up": {"uv": [11.125, 1.25, 10.75, 1.25], "texture": "#2"},
				"down": {"uv": [4.5, 10.75, 4.125, 10.75], "texture": "#2"}
			}
		},
		{
			"from": [6.0255, 8.6002, 4.12165],
			"to": [6.3255, 8.9002, 4.12165],
			"rotation": {"angle": 0, "axis": "y", "origin": [4.66389, 8.32559, 6.63755]},
			"faces": {
				"north": {"uv": [0.5, 8.25, 0.625, 8.375], "texture": "#2"},
				"east": {"uv": [7.25, 4.625, 7.25, 4.75], "texture": "#2"},
				"south": {"uv": [3.125, 8.5, 3.25, 8.625], "texture": "#2"},
				"west": {"uv": [1.75, 7.75, 1.75, 7.875], "texture": "#2"},
				"up": {"uv": [9.375, 5.75, 9.25, 5.75], "texture": "#2"},
				"down": {"uv": [6.75, 9.25, 6.625, 9.25], "texture": "#2"}
			}
		},
		{
			"from": [9.4745, 8.6002, 4.12165],
			"to": [9.7745, 8.9002, 4.12165],
			"rotation": {"angle": 0, "axis": "y", "origin": [11.33611, 8.32559, 6.63755]},
			"faces": {
				"north": {"uv": [3.625, 8.75, 3.75, 8.875], "texture": "#2"},
				"east": {"uv": [7.875, 7.375, 7.875, 7.5], "texture": "#2"},
				"south": {"uv": [4.125, 9, 4.25, 9.125], "texture": "#2"},
				"west": {"uv": [8, 4.75, 8, 4.875], "texture": "#2"},
				"up": {"uv": [9.375, 7.125, 9.25, 7.125], "texture": "#2"},
				"down": {"uv": [9.5, 1.5, 9.375, 1.5], "texture": "#2"}
			}
		},
		{
			"from": [8.9745, 7.0252, 4.14665],
			"to": [10.0745, 9.0252, 4.14665],
			"rotation": {"angle": 0, "axis": "y", "origin": [11.33611, 8.32559, 6.63755]},
			"faces": {
				"north": {"uv": [10.625, 2.75, 10.75, 3], "texture": "#2"},
				"east": {"uv": [4.625, 10.75, 4.625, 11], "texture": "#2"},
				"south": {"uv": [10.625, 3.125, 10.75, 3.375], "texture": "#2"},
				"west": {"uv": [10.75, 5.375, 10.75, 5.625], "texture": "#2"},
				"up": {"uv": [5, 9.75, 4.875, 9.75], "texture": "#2"},
				"down": {"uv": [6.5, 9.75, 6.375, 9.75], "texture": "#2"}
			}
		},
		{
			"from": [7.9745, 6.6252, 4.17165],
			"to": [10.5745, 10.2252, 4.17165],
			"rotation": {"angle": 0, "axis": "y", "origin": [10.73611, 8.32559, 6.63755]},
			"faces": {
				"north": {"uv": [8.25, 8.125, 8.625, 8.625], "texture": "#2"},
				"east": {"uv": [5.5, 10.75, 5.5, 11.25], "texture": "#2"},
				"south": {"uv": [8.625, 8.125, 8.25, 8.625], "texture": "#2"},
				"west": {"uv": [5.625, 10.75, 5.625, 11.25], "texture": "#2"},
				"up": {"uv": [7.5, 10.75, 7.125, 10.75], "texture": "#2"},
				"down": {"uv": [8, 10.75, 7.625, 10.75], "texture": "#2"}
			}
		},
		{
			"from": [10.5735, 6.6252, 4.17165],
			"to": [10.5735, 10.2252, 5.17165],
			"rotation": {"angle": 0, "axis": "y", "origin": [8, 8.32559, 6.94565]},
			"faces": {
				"north": {"uv": [5.75, 10.75, 5.75, 11.25], "texture": "#2"},
				"east": {"uv": [3, 10.5, 3.125, 11], "texture": "#2"},
				"south": {"uv": [5.875, 10.75, 5.875, 11.25], "texture": "#2"},
				"west": {"uv": [3.125, 10.5, 3, 11], "texture": "#2"},
				"up": {"uv": [3.875, 8.25, 3.875, 8.125], "texture": "#2"},
				"down": {"uv": [6.125, 9, 6.125, 9.125], "texture": "#2"}
			}
		},
		{
			"from": [5.12685, 9.43102, 8.45452],
			"to": [7.12685, 11.43102, 12.45452],
			"rotation": {"angle": -45, "axis": "x", "origin": [5.19823, 7.80807, 10.15363]},
			"faces": {
				"north": {"uv": [4.75, 10.5, 5, 10.75], "texture": "#2"},
				"east": {"uv": [9.625, 0, 10.125, 0.25], "texture": "#2"},
				"south": {"uv": [5.125, 10.5, 5.375, 10.75], "texture": "#2"},
				"west": {"uv": [0.5, 9.625, 1, 9.875], "texture": "#2"},
				"up": {"uv": [5.875, 10, 5.625, 9.5], "texture": "#2"},
				"down": {"uv": [1.375, 9.625, 1.125, 10.125], "texture": "#2"}
			}
		},
		{
			"from": [6.61499, 8.74094, 12.46816],
			"to": [6.61499, 11.44094, 16.46816],
			"rotation": {"angle": -45, "axis": "x", "origin": [5.19823, 7.80807, 10.15363]},
			"faces": {
				"north": {"uv": [8.75, 10.75, 8.75, 11.125], "texture": "#2"},
				"east": {"uv": [4.375, 8.375, 4.875, 8.75], "texture": "#2"},
				"south": {"uv": [8.875, 10.75, 8.875, 11.125], "texture": "#2"},
				"west": {"uv": [5, 8.375, 5.5, 8.75], "texture": "#2"},
				"up": {"uv": [9, 11.25, 9, 10.75], "texture": "#2"},
				"down": {"uv": [9.125, 10.75, 9.125, 11.25], "texture": "#2"}
			}
		},
		{
			"from": [5.15548, 10.06399, 12.30865],
			"to": [7.95548, 10.06399, 16.30865],
			"rotation": {"angle": -45, "axis": "x", "origin": [5.19823, 7.80807, 10.15363]},
			"faces": {
				"north": {"uv": [10.625, 10.75, 11, 10.75], "texture": "#2"},
				"east": {"uv": [0.75, 10.875, 1.25, 10.875], "texture": "#2"},
				"south": {"uv": [10.875, 1.75, 11.25, 1.75], "texture": "#2"},
				"west": {"uv": [10.875, 1.875, 11.375, 1.875], "texture": "#2"},
				"up": {"uv": [0.875, 9, 0.5, 8.5], "texture": "#2"},
				"down": {"uv": [1.375, 8.5, 1, 9], "texture": "#2"}
			}
		},
		{
			"from": [3.7335, 7.34443, 6.51854],
			"to": [5.7335, 9.34443, 9.51854],
			"rotation": {"angle": -22.5, "axis": "y", "origin": [5.19823, 7.80807, 10.15363]},
			"faces": {
				"north": {"uv": [4.75, 10.5, 5, 10.75], "texture": "#2"},
				"east": {"uv": [9.625, 0, 10.125, 0.25], "texture": "#2"},
				"south": {"uv": [5.125, 10.5, 5.375, 10.75], "texture": "#2"},
				"west": {"uv": [0.5, 9.625, 1, 9.875], "texture": "#2"},
				"up": {"uv": [5.875, 10, 5.625, 9.5], "texture": "#2"},
				"down": {"uv": [1.375, 9.625, 1.125, 10.125], "texture": "#2"}
			}
		},
		{
			"from": [5.22164, 6.65435, 9.53218],
			"to": [5.22164, 9.35435, 13.53218],
			"rotation": {"angle": -22.5, "axis": "y", "origin": [5.19823, 7.80807, 10.15363]},
			"faces": {
				"north": {"uv": [8.75, 10.75, 8.75, 11.125], "texture": "#2"},
				"east": {"uv": [4.375, 8.375, 4.875, 8.75], "texture": "#2"},
				"south": {"uv": [8.875, 10.75, 8.875, 11.125], "texture": "#2"},
				"west": {"uv": [5, 8.375, 5.5, 8.75], "texture": "#2"},
				"up": {"uv": [9, 11.25, 9, 10.75], "texture": "#2"},
				"down": {"uv": [9.125, 10.75, 9.125, 11.25], "texture": "#2"}
			}
		},
		{
			"from": [3.76213, 7.9774, 9.37266],
			"to": [6.56213, 7.9774, 13.37266],
			"rotation": {"angle": -22.5, "axis": "y", "origin": [5.19823, 7.80807, 10.15363]},
			"faces": {
				"north": {"uv": [10.625, 10.75, 11, 10.75], "texture": "#2"},
				"east": {"uv": [0.75, 10.875, 1.25, 10.875], "texture": "#2"},
				"south": {"uv": [10.875, 1.75, 11.25, 1.75], "texture": "#2"},
				"west": {"uv": [10.875, 1.875, 11.375, 1.875], "texture": "#2"},
				"up": {"uv": [0.875, 9, 0.5, 8.5], "texture": "#2"},
				"down": {"uv": [1.375, 8.5, 1, 9], "texture": "#2"}
			}
		},
		{
			"from": [10.07315, 9.43102, 8.45452],
			"to": [12.07315, 11.43102, 12.45452],
			"rotation": {"angle": -45, "axis": "x", "origin": [10.80177, 7.80807, 10.15363]},
			"faces": {
				"north": {"uv": [5, 10.5, 4.75, 10.75], "texture": "#2"},
				"east": {"uv": [1, 9.625, 0.5, 9.875], "texture": "#2"},
				"south": {"uv": [5.375, 10.5, 5.125, 10.75], "texture": "#2"},
				"west": {"uv": [10.125, 0, 9.625, 0.25], "texture": "#2"},
				"up": {"uv": [5.625, 10, 5.875, 9.5], "texture": "#2"},
				"down": {"uv": [1.125, 9.625, 1.375, 10.125], "texture": "#2"}
			}
		},
		{
			"from": [10.58501, 8.74094, 12.46816],
			"to": [10.58501, 11.44094, 16.46816],
			"rotation": {"angle": -45, "axis": "x", "origin": [10.80177, 7.80807, 10.15363]},
			"faces": {
				"north": {"uv": [8.75, 10.75, 8.75, 11.125], "texture": "#2"},
				"east": {"uv": [5.5, 8.375, 5, 8.75], "texture": "#2"},
				"south": {"uv": [8.875, 10.75, 8.875, 11.125], "texture": "#2"},
				"west": {"uv": [4.875, 8.375, 4.375, 8.75], "texture": "#2"},
				"up": {"uv": [9, 11.25, 9, 10.75], "texture": "#2"},
				"down": {"uv": [9.125, 10.75, 9.125, 11.25], "texture": "#2"}
			}
		},
		{
			"from": [9.24452, 10.06399, 12.30865],
			"to": [12.04452, 10.06399, 16.30865],
			"rotation": {"angle": -45, "axis": "x", "origin": [10.80177, 7.80807, 10.15363]},
			"faces": {
				"north": {"uv": [11, 10.75, 10.625, 10.75], "texture": "#2"},
				"east": {"uv": [11.375, 1.875, 10.875, 1.875], "texture": "#2"},
				"south": {"uv": [11.25, 1.75, 10.875, 1.75], "texture": "#2"},
				"west": {"uv": [1.25, 10.875, 0.75, 10.875], "texture": "#2"},
				"up": {"uv": [0.5, 9, 0.875, 8.5], "texture": "#2"},
				"down": {"uv": [1, 8.5, 1.375, 9], "texture": "#2"}
			}
		},
		{
			"from": [11.37516, 7.34443, 6.97776],
			"to": [13.37516, 9.34443, 9.97776],
			"rotation": {"angle": 22.5, "axis": "y", "origin": [10.80177, 7.80807, 10.15363]},
			"faces": {
				"north": {"uv": [5, 10.5, 4.75, 10.75], "texture": "#2"},
				"east": {"uv": [1, 9.625, 0.5, 9.875], "texture": "#2"},
				"south": {"uv": [5.375, 10.5, 5.125, 10.75], "texture": "#2"},
				"west": {"uv": [10.125, 0, 9.625, 0.25], "texture": "#2"},
				"up": {"uv": [5.625, 10, 5.875, 9.5], "texture": "#2"},
				"down": {"uv": [1.125, 9.625, 1.375, 10.125], "texture": "#2"}
			}
		},
		{
			"from": [11.88701, 6.65435, 9.9914],
			"to": [11.88701, 9.35435, 13.9914],
			"rotation": {"angle": 22.5, "axis": "y", "origin": [10.80177, 7.80807, 10.15363]},
			"faces": {
				"north": {"uv": [8.75, 10.75, 8.75, 11.125], "texture": "#2"},
				"east": {"uv": [5.5, 8.375, 5, 8.75], "texture": "#2"},
				"south": {"uv": [8.875, 10.75, 8.875, 11.125], "texture": "#2"},
				"west": {"uv": [4.875, 8.375, 4.375, 8.75], "texture": "#2"},
				"up": {"uv": [9, 11.25, 9, 10.75], "texture": "#2"},
				"down": {"uv": [9.125, 10.75, 9.125, 11.25], "texture": "#2"}
			}
		},
		{
			"from": [10.54652, 7.9774, 9.83188],
			"to": [13.34652, 7.9774, 13.83188],
			"rotation": {"angle": 22.5, "axis": "y", "origin": [10.80177, 7.80807, 10.15363]},
			"faces": {
				"north": {"uv": [11, 10.75, 10.625, 10.75], "texture": "#2"},
				"east": {"uv": [11.375, 1.875, 10.875, 1.875], "texture": "#2"},
				"south": {"uv": [11.25, 1.75, 10.875, 1.75], "texture": "#2"},
				"west": {"uv": [1.25, 10.875, 0.75, 10.875], "texture": "#2"},
				"up": {"uv": [0.5, 9, 0.875, 8.5], "texture": "#2"},
				"down": {"uv": [1, 8.5, 1.375, 9], "texture": "#2"}
			}
		},
		{
			"from": [6.6, 6.83068, 1.66591],
			"to": [9.4, 8.63068, 4.46591],
			"rotation": {"angle": -22.5, "axis": "x", "origin": [8, 8.03068, 3.56591]},
			"faces": {
				"north": {"uv": [8.25, 10, 8.625, 10.25], "texture": "#2"},
				"east": {"uv": [10.5, 7.75, 10.75, 8], "texture": "#2"},
				"south": {"uv": [10, 8.625, 10.375, 8.875], "texture": "#2"},
				"west": {"uv": [10.5, 8.625, 10.75, 8.875], "texture": "#2"},
				"up": {"uv": [10.375, 9.25, 10, 9], "texture": "#2"},
				"down": {"uv": [10.375, 9.375, 10, 9.625], "texture": "#2"}
			}
		},
		{
			"from": [7, 5.90483, 2.47187],
			"to": [9, 7.90483, 5.47187],
			"rotation": {"angle": 0, "axis": "y", "origin": [7.29, 6.63523, 4.05287]},
			"faces": {
				"north": {"uv": [9.5, 10.5, 9.75, 10.75], "texture": "#2"},
				"east": {"uv": [10.125, 2.875, 10.5, 3.125], "texture": "#2"},
				"south": {"uv": [10.5, 9.75, 10.75, 10], "texture": "#2"},
				"west": {"uv": [10.125, 3.25, 10.5, 3.5], "texture": "#2"},
				"up": {"uv": [1.75, 10.5, 1.5, 10.125], "texture": "#2"},
				"down": {"uv": [5.875, 10.125, 5.625, 10.5], "texture": "#2"}
			}
		},
		{
			"from": [7.5, 4.94289, 2.66321],
			"to": [8.5, 5.94289, 2.66321],
			"rotation": {"angle": -22.5, "axis": "x", "origin": [8, 5.44289, 2.66321]},
			"faces": {
				"north": {"uv": [9.5, 11.125, 9.75, 11.375], "texture": "#2"},
				"east": {"uv": [10.125, 2.875, 10.5, 3.125], "texture": "#2"},
				"south": {"uv": [9.75, 11.125, 9.5, 11.375], "texture": "#2"},
				"west": {"uv": [10.125, 3.25, 10.5, 3.5], "texture": "#2"},
				"up": {"uv": [1.75, 10.5, 1.5, 10.125], "texture": "#2"},
				"down": {"uv": [5.875, 10.125, 5.625, 10.5], "texture": "#2"}
			}
		}
	],
	"display": {
		"thirdperson_righthand": {
			"rotation": [51.75, -18.94, 1.82],
			"scale": [0.6, 0.6, 0.6]
		},
		"thirdperson_lefthand": {
			"rotation": [51.75, -18.94, 1.82],
			"scale": [0.6, 0.6, 0.6]
		},
		"firstperson_righthand": {
			"rotation": [0, 24, -17.25],
			"translation": [3, 0, 0.75],
			"scale": [0.8, 0.8, 0.8]
		},
		"firstperson_lefthand": {
			"rotation": [0, 24, -17.25],
			"translation": [3, 0, 0.75],
			"scale": [0.8, 0.8, 0.8]
		},
		"gui": {
			"rotation": [-172.74, 52.95, 177.31],
			"translation": [0, -1.75, 0],
			"scale": [1.3, 1.3, 1.3]
		},
		"head": {
			"rotation": [24.75, 0, 0],
			"translation": [0, 2, 4.75],
			"scale": [2.3, 2.3, 2.3]
		}
	},
	"groups": [
		{
			"name": "h_head",
			"origin": [8, 6.5535, 7.21464],
			"rotation": [-26.5, 0, 0],
			"color": 0,
			"children": [
				0,
				1,
				2,
				3,
				4,
				5,
				6,
				7,
				8,
				9,
				10,
				11,
				12,
				13,
				14,
				15,
				16,
				{
					"name": "h_horn_left",
					"origin": [5.776, 9.40097, 7.32923],
					"rotation": [-54.52745, -43.32279, 10.00081],
					"color": 0,
					"children": [17, 18, 19, 20, 21, 22]
				},
				{
					"name": "h_horn_left",
					"origin": [5.776, 9.40097, 7.32923],
					"rotation": [-54.52745, -43.32279, 10.00081],
					"color": 0,
					"children": [23, 24, 25, 26, 27, 28]
				},
				29,
				30,
				31
			]
		}
	]
}